construct,delta,sequence,kappa,FCR,NCPR,hydropathy,SCD,SHD,aromatic,aliphatic,polar,proline,complex,MW,rg,re,pI
1,0.605561038,SNRQLERSGRFGGNPGGFGNQGGFGNSRGGGAGLGNNQGSNMGGGMNFGAFSINPAMMAAAQAALQSSWGMMGMLASQQNQSGPSGNNQNQGNMQREPNQAFGSGNNSYSGSNSGAAIGWGSASNAGSGSGFNGGFGSSMDSKSSGWGM,0.125752006,0.060402685,0.020134228,3.809395973,0.070230665,4.631447761,0.080536913,0.201342282,0.630872483,0.026845638,0.760676644,14651.5,31.80319969,0.40159333,10.78
2,0.240426683,MASNDYTQQATQSYGAYPTQPGQGYSQQSSQPYGQQSYSGYSQSTDTSGYGQSSYSSYGQSQNTGYGTQSTPQGYGSTGGYGSSQSSQSSYGQQSSYPGYGQQPAPSSTSGSYGSSSQSSSYGQPQSGSYSQQPSYGGQQQSYGQQQSYNPPQGYGQQNQYNSSSGGGGGGGGGGNYGQDQSSMSSGGGSGGGYGNQDQS,0.266,0.02,-0.02,3.063,0.308358152,5.03473772,0.13,0.03,0.765,0.055,0.63472766,20326.9,32.38999807,0.31970716,3.32
3,-0.043618142,GNPIKVSFATRRADFNRGGGNGRGGRGRGGPMGRGGYGGGGSGGGGRGGFPSGGGGGGGQQRAGDWKCPNPTCENMNFSWRNECNQCKAPKPDGPGGGPGGSHMGGNYGDDRRGGRGGYDRGGYRGRGGDRGGFRGGRGGGDRGGFGPGKMDSRGEHRQDRRERPY,0.101655643,0.265060241,0.096385542,3.059638554,5.336187951,4.17340965,0.078313253,0.060240964,0.506024096,0.06626506,0.761518636,16827.4,34.31879147,0.3798043,10.95
4,-0.010283584,MSRAALPSLENLEDDDEFEDFATENWPMKDTELDTGDDTLWENNWDDEDIGDDDFSVQLQAELKKKGVAAN,0.40819028,0.394366197,-0.253521127,3.445070423,6.714073403,3.583427474,0.084507042,0.253521127,0.23943662,0.028169014,0.863625052,8104.4,25.40192144,0.4265991,3.67
5,0.240274722,RDEISLDSAKKAACEFSETDVTNTEHHQPSNNDLNTTEKRAAERHPEKYQGSSVSNLHVEPCGTNTHASSLQHENSSLLLTKDRMNVEKAEFCNKSKQPG,0.129013509,0.28,-0.04,3.315,-0.230727719,3.878125971,0.03,0.2,0.42,0.04,0.918226375,11131.7,29.36573505,0.4140254,5.83
6,0.255306583,HNSKAPKKNRLRRKSSTRHIHALELVVSRNLSPPNCTELQIDSCSSSEEIKKKKYNQMPVRHSRNLQLMEGKEPATGAKKSNKPNEQTSKRHDSDTFPEL,0.300528914,0.32,0.1,3.149,1.323120895,3.843395439,0.02,0.2,0.37,0.07,0.909406056,11453.7,30.71427345,0.43721682,10.01
7,0.056115664,MEEPQSDPSVEPPLSQETFSDLWKLLPENNVLSPLPSQAMDDLMLSPDDIEQWFTEDPGPDEAPRMPEAAPPVAPAPAAPTPAAPAPAPSWPLSSSVPSQKT,0.233648852,0.196078431,-0.137254902,3.928431373,3.623717873,4.767667166,0.049019608,0.294117647,0.235294118,0.225490196,0.82362292,10872.9,34.11571133,0.43780226,3.64
8,0.715143954,KKPLDGEYFTLQIRGRERFEMFRELNEALELKDAQAGKEPGGSRAHSSHLKSKKGQSTSRHKKLMFKTEGPDSD,0.213610649,0.378378378,0.054054054,3.217567568,-0.411074744,3.504651857,0.067567568,0.189189189,0.324324324,0.040540541,0.884229007,8442.1,24.76998056,0.42520222,9.57
9,0.736213423,NTAGTSLPSVDLLQKLRLTPQHDQIQTQPLGKGAMVASFSPAAGQLATPESFIEPPSKTAAARVAASASLSNMVLAPLQSMQQNQDPEVFVQPKVLSSAIPVAGAPLVTATTTAVSSVLLAPSVFQQTVTRSSDLERKASSPSPLTIGTPESQRKPSIILSKSQLQDTLIHLIKNDSSFLSTLHEVYLQVLTKNKDNHNL,0.179260381,0.14,0.01,4.4075,-0.123919474,5.503618247,0.03,0.355,0.39,0.085,0.887652871,21163.8,47.23915887,0.42804337,9.01
10,0.548550004,MGDEDWEAEINPHMSSYVPIFEKDRYSGENGDNFNRTPASSSEMDDGPSRRDHFMKSGFASGRNFGNRDAGECNKRDNTSTMGGFGVGKSFGNRGFSNSRFEDGDSSGFWRESSNDCEDNPTRNRGFSKRGGYRDGNNSEASGPYRRGGRGSFRGCRGGFGLGSPNNDLDPDECMQRTGGLFGSRRPVLSGTGNGDTSQS,0.25610669,0.285,-0.015,3.227,-1.393159805,4.467334979,0.1,0.1,0.45,0.045,0.877875355,21759.7,36.24036893,0.35390514,5.52
11,0.250938802,GVDPALSDPVLARRLRENRSLAMSRLDEVISKYAMLQDKSEEGERKKRRARLQGTSSHSADTPEASLDSGEGPS,0.25832805,0.351351351,0,3.536486486,-0.964272058,3.388351417,0.013513514,0.283783784,0.297297297,0.054054054,0.862162762,8104.2,24.94020975,0.41652507,6.81
12,0.495988542,GPTQAAPGVRVEEEEWAREIGAQLRRMADDLNAQYERRRQEEQHRHRPSPWRVM,0.198173143,0.37037037,0,3.012962963,-0.979110716,2.835855896,0.055555556,0.259259259,0.240740741,0.074074074,0.852309301,6479.9,19.2052252,0.38812047,6.95
13,0.602148633,MKHPYEEFPTGSKSPYNMSRGAHPGAVLLSPQSSAINKNNPGSNSGNNQGNSSVTANVLSPQSHSMSLNDMLDQQSFMLDTAGTRAQPLQQQQQQQQQQQQASLPSLNIQTVSSTAAGSAIVSPMMQSPKALQSTLSSTSMYLDSFQRSPNNILGIPSQSGSIPLPQSRQSQQQSQSQKNDPNMGTNFSQDINQLCSWIS,0.22852236,0.085,0.005,3.7325,-0.174624133,5.176764224,0.04,0.24,0.55,0.08,0.87212787,21502.5,43.72053091,0.41534665,7.92
14,0.629790315,DGAGEGPAQSLTEQMKKIALESVGQPEELMESDNCSGGDDDWTHLSSKEVDPSTGELQSLQMPESEGPSSLDPSQEGPTGLKEAALYPHLPPEADPRLIE,0.168173932,0.27,-0.17,3.64,7.078990987,4.2890312,0.02,0.24,0.35,0.11,0.872207676,10593.2,32.96157598,0.4408414,3.98
15,0.376287763,KVPAQESQDVSGSRPAAPLIGAPANSEDTHLVDPKTDPSDSQTGLAEQCAGIRKRPATDDSSTQNKRANRTEENVSDGSPN,0.29433462,0.271604938,-0.049382716,3.35308642,-0.126255536,3.645465681,0,0.222222222,0.395061728,0.098765432,0.878284216,8469.2,27.29948902,0.4375178,4.75
16,-0.009429203,PPETWLQNERELKRERRKQSNRESARRSRLRKQAETEELARKVEALTAENMALRSELNQLNEKSDKLRGANATLLDKLKCSEPEKRVPANMLSRVKNSGAGDKNKNQ,0.146256812,0.401869159,0.08411215,3.068224299,1.537157365,3.643818731,0.009345794,0.261682243,0.280373832,0.037383178,0.841812105,12357.5,31.84417303,0.42645493,10.13
17,0.10961553,RTYMDVMREQHLTKEEREIRQQLAEKAKAGELKVVNGAAASQPPSKRKRRWDQTADQTPGATPKKLSSWDQAETPGHTPSLRWDETPGRAKGSETPGATP,0.188492514,0.32,0.04,3.177,-0.259108771,3.929320841,0.04,0.22,0.33,0.09,0.896482963,11145.9,30.01271486,0.41536027,9.63
18,0.318385728,MPLPVALQTRLAKRGILKHLEPEPEEEIIAEDYDDDPVDYEATRLEGLPP,0.484767124,0.36,-0.16,3.862,-0.277985683,3.393074547,0.04,0.34,0.12,0.14,0.831899195,5678,21.25102096,0.44624805,4.25
19,0.334213279,PNSVVTKSAKKLRSSNADAEEKLDRSHDKSDRGHDKSDRSHEKLDRGHDKSDRGHDKSDRDRERGYDKVDRERERDRERDRDRGYDKADREEGKERRHHRREELAPYPKSKKAVSRKDEELDPMDPSSYSDAPRGTWSTGLPKRNEAKTGADTTAAGPLFQQRPYPSPGAVLRANAEASRTKQQD,0.093755744,0.47027027,0.027027027,2.580540541,0.190649391,3.990698849,0.037837838,0.156756757,0.275675676,0.059459459,0.865260497,21255.8,42.47971625,0.4142517,9.31
20,0.4005195,MSDEAKEKRELESQKESSHNKSEKSVEPKPKRRRRRNYDDYDAEVAKEETKAKNGLTKSENNGTVEDSESDMDDAKLDALMGNEGEEEEDDLAEIDTSNIITSGRRTRGKVIDYKKTAEELDKKEPSTGSKDDVGYGEKEEDDEDEEDDDFKE,0.319642052,0.522875817,-0.14379085,2.71503268,6.520314617,4.028989956,0.032679739,0.169934641,0.254901961,0.019607843,0.846130152,17458.2,37.4829727,0.39629382,4.44
21,0.38261324,MNIVPQDTFKSQVSTDQDKSVLSSAVPSLPDTLRQQEGGAVPLSTQLNDRHPLESTLKNWETTQRQRQMEQYRQIFGIAEPMKRTMEMEIVNRTDFNPLSTNGSIHRDILLNKECSIDWEDVYPGTGLQASTMVGDDVHSKIEKQLGI,0.12971963,0.243243243,-0.040540541,3.809459459,0.479924304,4.641375231,0.047297297,0.27027027,0.378378378,0.054054054,0.950674245,16750.4,36.54325272,0.4040511,5.01
22,0.364213212,LNMEDLMEGNHHLLSDSSEAGSSSEGEHISSIPTRGEIAKLKAQKSLSRRKISESDVTTERDYVKLLDSEDKREIMETIRLNGGLKRNNEKEITNFSDDE,0.216449581,0.37,-0.07,3.48,0.608896882,3.817111732,0.02,0.25,0.35,0.01,0.875450887,11284.1,30.14610767,0.42904586,4.95
23,0.9188009,MQGFQDEMLALTDNQIAIQKDSKRKIIEKAINEVPYRTNEEWETQLLSKGNINKSNEKIITPLPVLFPDDDESGNSIERINEMVSKICLQRKKVEMRLQALEKTKIDLEKSKASLINKLIGN,0.188666247,0.327868852,0,3.840163934,-1.083876739,4.400266041,0.032786885,0.319672131,0.278688525,0.032786885,0.904967965,14018.4,34.33173441,0.42385352,6.36
24,0.578011696,MKLPVAQYSAPDGVEKSFAPIRDDPRYMTTEGRTTGPSDHVLNAGQIDRDKPSEPERTKDGSQLTYLGQLRTQLTGLQDDINEFLTGRMELAKNKKKAGADEKRIQEEINQLLDGGDGDEDAV,0.185845472,0.333333333,-0.056910569,3.494308943,0.477856832,4.227807299,0.040650407,0.25203252,0.317073171,0.056910569,0.915908862,13596.3,34.27605796,0.42412254,4.72
25,0.638355903,NAGTEKEKESKKDSKPAFSFGISNGSESKDSDKPSLPSAVDGENDKKEATKPAFSFGINTNTTKTADTKAPTFTFGSSALADNKEDVKKPFSFGTSQPNN,0.063990941,0.3,-2.78E-17,3.389,-0.234624923,4.159269672,0.08,0.15,0.4,0.07,0.818561124,10582.8,30.77318668,0.43200594,6.49
26,0.714338918,MSENIGHININANLQNVDRRDAAAIQSVERKLLGYNPPGGLASEAQSAAALNEGIGQPMNRGISTDIPAPADIDVDRGTASKDFGHVRFDVDLNQVRPEEAAALQAAESKIEGLAPSITVGGIGSAAQSMAAFNEREQSETGPFHPGIKATEPLPGPTYYQGVELSPSALPTYAPDVSVFPPSLSTNTSNVGAVPPSITT,0.106289744,0.175,-0.055,4.2045,1.88813143,5.31042394,0.045,0.33,0.355,0.095,0.913411807,20735.1,45.69850274,0.41193962,4.56
27,0.260225523,MSESGQEQNRGTNTSPNNAENNNNSNAASGPLNGGAEQTRNITVSIQYSYFTPERLAHLSNISNNDNNENNSAASGSTIANGTGPSFGIGNGGHQPDGALVLSFRDVPASTPQDRLNSFISVAAQLAMERFNRLLNRPKGISKDEFDKLPVLQVSDLPKAEGPL,0.125234995,0.170731707,-0.024390244,3.782926829,0.050972555,4.754550242,0.048780488,0.256097561,0.457317073,0.067073171,0.901483866,17373.6,37.82290416,0.4044296,5.1
28,0.833370054,QKISESVGVQRAAQQDTDEVAANEAAFERIRRVLYDPTAVNSTNENSSAPSENTSNTTVPTIGNASSGEQMLSRTGFFLVPQNGQPLHNPVRLPPNDSDRNGVNGPSSTTQNPPSNSGGSNNNQSPRWVP,0.219475828,0.161538462,-0.023076923,3.559230769,-0.272915901,4.401484876,0.038461538,0.215384615,0.484615385,0.1,0.885326525,13827.3,34.96095616,0.41796517,5
29,0.139720734,MSVYFPIHCSDYLRSAEMTEVMMNAPSMEEIGLSPRKDGLSYQIFPDPSDFDRCCKLKDRLPSIVVEPTEGEVESGELRWPPEEFLVQEDEQDNCEETTNEKKDQ,0.212409414,0.333333333,-0.142857143,3.700952381,4.844833133,4.240689337,0.076190476,0.228571429,0.238095238,0.085714286,0.938531399,12132.8,33.07171561,0.4124822,4.21
30,0.389955643,TPVTIENFLSWKAKFDAELLEIKKKRMKEEEQAGKNKLSGKQLFETDHNLDTSDIQFLEDAGNNVEVDESLFQEMDDLELEDGEDDPDYNPVAPGSDSSD,0.324846551,0.38,-0.18,3.503,4.526479158,4.071173833,0.07,0.24,0.27,0.04,0.896095442,11330.7,30.90370178,0.41460562,4.07
31,0.423588659,SHRPIKGILKNKTSAASPPVVPSAEQPRPIVEEELSKKSQKWDEMNILAT,0.323025912,0.28,0.04,3.768,-0.733743147,3.428790784,0.02,0.3,0.28,0.12,0.881754924,5535,21.44304537,0.46361908,9.3
32,0.19066958,YHPADKDYGLMKIDEPNTPYHNMIGDDEDAYSDSEGNEVMTPDILAKKLAAAEGSEPKYRTREQESSGEEDNDLSPEEREKKRQFEMKRKLHYNEGLNIKLARQLISKDLHDDDEDEEMAETADGDSMNVEESSQGSTTSDHLQHKSQSS,0.293149024,0.38,-0.14,3.083333333,8.386739927,4.308429005,0.046666667,0.213333333,0.32,0.04,0.906731764,17059.8,37.19638871,0.4137729,4.48
33,0.202334033,METLKSKTKTRVLPSWMTAPVDERKVVSVKTATRKQTAAWAQRVGAATRAPATETVYCMNEAEMVDVALGILIEGRKQEKPWEQRSLEATDKLQLSPPCSSSPGSSSEEEDSRISSLAPGLSPPRGPEASDSPCSRSPEEEKEEEDALKY,0.205988444,0.306666667,-0.026666667,3.724,-2.388466888,4.637400063,0.033333333,0.273333333,0.28,0.086666667,0.891921745,16400.1,38.82653913,0.41451615,5.11
34,0.311648,MLWQKSTAPEQAPAPPRPYQGVRVKEPVKELLRRKRGHTSVGAAGPPTAVVLPHQPLATYSTVGP,0.291378841,0.184615385,0.092307692,3.96,0.603822986,3.859346041,0.046153846,0.307692308,0.292307692,0.169230769,0.847730098,7002.9,25.2779094,0.426907,10.61
35,0.042135559,MDVFKKGFSIAKEGVVGAVEKTKQGVTEAAEKTKEGVMYVGAKTKENVVQSVTSVAEKTKEQANAVSEAVVSSVNTVATKTVEEAENIAVTSGVVRKEDLRPSAPQQEGEASKEKEEVAEEAQSGGD,0.129211605,0.31496063,-0.047244094,3.97007874,-0.253222198,4.432949471,0.023622047,0.330708661,0.31496063,0.015748031,0.816855937,13330.8,35.87962242,0.43819448,4.86
36,0.626068817,MESSAKMESGGAGQQPQPQPQQPFLPPAACFFATAAAAAAAAAAAAAQSAQQQQQQQQQQQQAPQLRPAADGQPSGGGHKSAPKQVKRQR,0.354285002,0.111111111,0.044444444,3.614444444,-0.282864454,4.123939244,0.033333333,0.311111111,0.422222222,0.111111111,0.730879076,9218.9,27.83815669,0.39844596,10.02
37,0.062855705,RRNERERNRVKLVNLGFATLREHVPNGAANKKMSKVETLRSAVEYIRALQQLLDEHDA,0.205142654,0.344827586,0.068965517,3.644827586,-0.692181939,3.189216148,0.034482759,0.344827586,0.25862069,0.017241379,0.885111752,6736.5,21.82845575,0.4131698,10.14
38,0.244668369,ENFSRKRYRSVDLSKENDDRKQNENKSLKESETSGPTAAPMWAVAPPSRSGAGNTFWMLPVPTTAGNQMESSSNNNTAAGHRAPPMWPFVNSAGGGAGGG,0.175773486,0.2,0.02,3.542,-0.165169512,4.134425749,0.07,0.22,0.42,0.09,0.89856065,10607.8,29.27635193,0.40746295,9.31
39,0.381962491,GGAATHFMAGTGFSFPMDQYRGSPLQLGSFLAQPQPTQNLGLSMPDSNLGMLAALNSAYSRGGNANANAEQANNAVEHQEKQQQSDHDDDSREENSNSSE,0.208350345,0.16,-0.08,3.597,0.916311241,4.095579667,0.06,0.25,0.48,0.05,0.878762475,10609.5,28.74761581,0.41158667,4.41
40,0.483923073,MQEQATSSLAASSLPSSSERSSSSAPHLEIKEGIESDEEIRRVPEFGGEAVGKETSGRESGSATGQERTQATVGESQ,0.136724889,0.272727273,-0.090909091,3.597402597,1.167687156,3.588626647,0.012987013,0.220779221,0.454545455,0.038961039,0.814141478,8023.8,26.44458304,0.43460742,4.56
41,0.212133027,SSLMGPNGNSKTMINGSYNKRDLIRGRRGELFSAPASMRTSPTNSGHLRVSTAGLSSSSGSTSSSSSDSTMEELQAAIQAAIAHCKNSSAVDRDDKVKDS,0.156801634,0.21,0.03,3.837,-0.613430169,3.94371198,0.02,0.26,0.47,0.03,0.879814456,10405.3,29.8338151,0.42699173,9.42
42,0.546378786,MAEEYKNTVPEQETPKVATEESSAPEIKERGMFDFLKKKEEVKPQETTTLASEFEHKTQISEPESFVAKHEEEEHKPTLLEQLHQKHEEEEENKPSLLDKLHRSNSSSSSSSDEEGEDGEKKKKEKKKKIVEGDHVKTVEEENQGVMDRIKEKFPLGEKPGGDDVPVVTTMPAPHSVEDHKPEEEEKKGFMDKIKEKLPG,0.164205149,0.43,-0.09,3.102,5.049275949,4.873686642,0.035,0.19,0.275,0.07,0.861934208,22849.6,46.16323075,0.40592283,5.02
43,0.269778907,MAEEIKNVPEQEVPKVATEESSAEVTDRGLFDFLGKKKDETKPEETPIASEFEQKVHISEPEPEVKHESLLEKLHRSDSSSSSSSEEEGSDGEKRKKKKEKKKPTTEVEVKEEEKKGFMEKLKEKLPGHKKPEDGSAVAAAPVVVPPPVEEAHPVEKKGILEKIKEKLPGYHPKTTVEEEKKDKE,0.144181624,0.448648649,-0.048648649,3.235135135,0.157857505,4.889015776,0.027027027,0.216216216,0.221621622,0.086486486,0.82530816,20779.1,45.83824147,0.41398764,5.4
44,0.175553725,GERHLLKNIKRRKTSSQTQTQSLEGEIHELRRDRMALEVELVRLRRKQES,0.309635237,0.42,0.1,3.172,0.12803621,2.736635284,0,0.26,0.32,0,0.821881457,6034.9,19.6545506,0.430616,10.81
45,0.039897322,SSDQRTLRRLAQNREAARKSRLRKKAYVQQLENSRIRLAQLEEELKRARQQGSLVER,0.294179663,0.403508772,0.157894737,3.133333333,1.728003575,2.773314454,0.01754386,0.298245614,0.280701754,0,0.776028343,6813,21.6795045,0.43076432,11.55
46,0.328935728,ILLKGKKLGGLLPAGGENGSEATDVSDEVEAAEMEDEAVRSQVQHKPKEDKLKLVPEL,0.337295189,0.362068966,-0.086206897,3.905172414,-0.98780079,3.460329727,0,0.344827586,0.24137931,0.051724138,0.835128773,6190.9,22.37760507,0.44347063,4.7
47,0.486337625,DRMKKLIEDPDKFYTPKTRPSGHDIGKSFSKDNGGSIPPNLLQISNSESNGQYLANCK,0.176104441,0.275862069,0.034482759,3.412068966,-0.132804588,3.481212652,0.068965517,0.172413793,0.379310345,0.086206897,0.901662414,6436.4,22.64180095,0.4406914,8.87
48,0.295501804,QISTIAESEDSQESVDSVTDSQKRREILSRRPSYRKILNDLSSDAPGVPRIEEEKSEEET,0.245038278,0.4,-0.1,3.291666667,0.260224108,3.133090539,0.016666667,0.216666667,0.316666667,0.05,0.824794017,6820.1,22.660631,0.42769402,4.51
49,0.070919404,PIPELDDAVVESFFSSSTDSTPMFEYENLEDNSKEWTSLFDNDIPVTTDD,0.184172399,0.3,-0.26,3.836,6.373236088,3.417492101,0.12,0.2,0.3,0.08,0.829061674,5688.3,21.49551146,0.4545223,3.31
50,0.244246193,RARNTEAARRSRARKLQRMKQLEDKVEELLSKNYHLENEVARLKKLVGER,0.258120216,0.46,0.14,3.17,0.937499294,2.748854068,0.02,0.32,0.2,0,0.803952871,6012.7,20.17790488,0.45280945,10.62
51,0.369108367,MSSKEQKTPEGQAPEEIIMDQHEEIEAVEPEASAEQVDPRDEKVANLEAQ,0.195047207,0.38,-0.22,3.334,3.32326996,3.171412679,0,0.3,0.24,0.08,0.82499941,5591.6,21.91770318,0.4506068,4.09
52,0.25656047,KKLEEETEPAAMDRVKAEVRLMIQKARLEKKMSQADLAKQINERTQVVQE,0.16533912,0.42,0.02,3.548,-0.701791237,3.055092715,0,0.38,0.18,0.02,0.817537998,5836.5,20.71384252,0.4493563,8.3
53,0.265558034,QGSGGQTQTQSQATASATTGGATAQPQTKPKVRARRGQATDPHSIAERLRRERIAERMKSLQELVPNGN,0.219190218,0.231884058,0.086956522,3.357971014,0.536007555,3.331576756,0,0.246376812,0.463768116,0.057971014,0.850595396,7367.6,24.84716122,0.43626422,11.55
54,0.198133195,TTMQSLCGSSSSTSSYYPLAISGIGETMAQDRALAALRNHKEAERRRRERINSHLNKLR,0.125148412,0.254237288,0.084745763,3.7,0.192187254,3.157027787,0.033898305,0.288135593,0.389830508,0.016949153,0.875560267,6616.7,21.448369,0.42374867,10.39
55,0.274558112,PVLLEVEVDKKVPVLPMVAGGSGLDEFINFDPEVERQQTELRHKRTGGKH,0.273432255,0.32,-0.04,3.982,-0.859487871,3.350625548,0.04,0.3,0.26,0.08,0.880637021,5592,20.33831915,0.43844765,5.55
56,0.381251007,EKLLDTMNRLDDKYRELRSQLSNKSLAPEVHQQISKQLADRERELLPIYGQIS,0.050311692,0.339622642,0,3.541509434,-0.136983162,3.155568772,0.037735849,0.301886792,0.283018868,0.037735849,0.87250109,6260.3,20.95854558,0.43428925,6.88
57,0.298374111,SLVHMDIKPSNIFISRTSIPNAASEEGDEDDWASNKVMFKIGDLGHVTRI,0.484845832,0.26,-0.06,4.198,-0.621432659,3.340493051,0.06,0.32,0.32,0.04,0.911788858,5542,19.59908366,0.4256277,5
58,0.631488878,MSATAATVPPAAPAGEGGPPAPPPNLTSNRRLQQTQAQVDEVVDIMRVNVDKVLERDQKLSELDDRADALQAGASQFETSAAKLKRKY,0.241511941,0.261363636,-0.011363636,3.881818182,-0.698896271,3.972976749,0.022727273,0.352272727,0.272727273,0.090909091,0.882965163,9393.8,28.67536053,0.41750616,5.3
59,0.211905122,DVDFGDSDNENEPDAYLARLKAEAREKEEDDDDGDSDEESTDEDFKPNENESDVAEEYDSNVESDSDD,0.273624912,0.544117647,-0.397058824,2.613235294,23.04012371,3.068932923,0.058823529,0.147058824,0.220588235,0.029411765,0.752677798,7681.9,27.72481397,0.48854208,3.51
60,0.122332067,DSDASGGGGDSDGAKKKKEKKSEKKEKKEKKHKEKERTKKPSKKKKDSGK,0.149311982,0.66,0.22,1.82,1.75612433,2.667496507,0,0.04,0.28,0.02,0.600728079,5559.3,21.21936699,0.47167152,9.96
61,0.267383322,GGDSDNEKGGKSSKKRKTEPSPSKKANTSGSGFKSKEYISDDDSTSSDDEKDNEPAKKKSKPPSDGDAKKKKAKSESEPEESEEDSNASDEDEEDEASD,0.410518289,0.505050505,-0.101010101,2.365656566,-1.802305054,3.60797176,0.02020202,0.070707071,0.343434343,0.060606061,0.721069122,10607.2,30.33471194,0.43341282,4.57
62,0.440252422,HSSRPSQNIAAGLESPDQQAGAQILGQCGTGGSDEPSEPSRAEDPGPGPW,0.301269308,0.18,-0.1,3.476,0.400013798,3.274464877,0.02,0.18,0.46,0.14,0.818688642,5027.4,20.51346966,0.4359138,4.19
63,0.246569856,ATYNNATEQEGKTYIQGETPEQANARYLKRVGAANNQNPAAEDKGATTPASKEEAKKSEAAAKNAGKAAGKALPKTSAVK,0.181831598,0.275,0.05,3.41,-0.445135183,3.732104891,0.0375,0.3,0.3375,0.05,0.800184987,8276.3,26.91953305,0.4314521,9.44
64,0.634945544,GAIQLTEALRMQMEVQKQLHEQLEVQRVLQLRIEEHAKYLEKMLEEQRKTGRWISSSSQTVLSPSDDSIPDSQNMSKTKASSPQPPLPAENKASETEDDKCESPQKRRRLENIAESEDPKR,0.197874531,0.338842975,-0.024793388,3.325619835,-0.346642163,4.167075755,0.016528926,0.256198347,0.314049587,0.066115702,0.898592956,13904.7,33.94847274,0.43176207,5.5
65,0.291134633,EFCIPTSSTIEQQNSARIRQNTREHPSTANTVDRTNHQLENLEAETAPLP,0.267985776,0.22,-0.06,3.434,0.05866086,3.02391676,0.02,0.22,0.44,0.08,0.851065221,5644.8,20.02694667,0.4176202,5.09
66,0.115743467,MPRGFLVKRSKKSTPVSYRVRGGEDGDRALLLSPSCGGARAEPPAPSPVP,0.320051417,0.26,0.1,3.934,0.04486681,3.27661741,0.04,0.26,0.26,0.16,0.82791103,5245.7,20.9930165,0.43385842,10.41
67,0.0056598,SSVSASSSPSPSTPTKSGKMRSRSSSPVRPKAYTPSPRSPNYHRFALDSPPQSPRRSSNSSITKKGSRRSSGSSPTRHTTRVCV,0.22228872,0.202380952,0.178571429,3.304761905,5.963634508,3.692986527,0.035714286,0.119047619,0.488095238,0.142857143,0.768228094,8975,29.66105481,0.44103068,12.09
68,0.092622322,ATIKRLKRSPDKQAAALPRRERNRQAAAASPENSRGKGRRGQRGKNRGCV,0.262316093,0.38,0.26,2.956,6.227059618,2.558386968,0,0.24,0.3,0.06,0.804734493,5525.3,21.21188171,0.45031846,12.09
69,0.309123978,ATGFVKKDQLGKNEEGAPQEGILEDMPVDPDNEAYEMPSEEGYQDYEPEA,0.226024412,0.36,-0.24,3.244,3.705569001,3.302901878,0.08,0.22,0.24,0.1,0.85091626,5560.5,21.9384428,0.48109815,3.76
70,0.347578222,EENRTEAPEETEPERETPSAINGNPSWHLADSPAVNGATGHSSSLDAREV,0.188889459,0.28,-0.16,3.324,2.075558393,3.159080164,0.02,0.22,0.38,0.1,0.82150612,5341.9,20.69825998,0.44590762,4.32
71,0.352984867,SGVNKSDKKVTPTEEKEQEAVSKSTSPAANSADTPNETGKRPLEEEKPPK,0.128785409,0.38,-0.02,2.904,-0.458868164,3.129396924,0,0.16,0.34,0.12,0.786935091,5352.1,21.3586775,0.4620598,5.34
72,0.333394833,AMQECMQKYPDLYPQEDEDEEEEREKKPAEQAEETAPIEATATKEEEGSS,0.330999956,0.46,-0.26,2.804,5.120621913,3.041815496,0.04,0.2,0.2,0.08,0.780068048,5748.6,21.974271,0.46280843,3.99
73,0.295424233,ILFKDNEKSCQNKESNKDDTKEAKESKENKEVSSPDDLELELENLEINDD,0.15858008,0.5,-0.18,2.856,1.96185114,2.908157335,0.02,0.18,0.26,0.02,0.76166463,5794.8,21.46882576,0.45694137,4.25
74,0.279400189,LCGRPGRGQTQQEEEEEDEDHGPDDYDEEDEDEVEEEETNRLPGGRSRVL,0.6889036,0.52,-0.32,2.468,3.69728077,2.645038813,0.02,0.1,0.28,0.06,0.758246202,5772.4,21.23326871,0.46889552,3.93
75,0.172584856,QPYEKKAAKLKEKYEKDIAAYRAKGKPDAAKKGVVKAEKSKKKKEEEDDEEDEEDEEEEEEEEDEDEEEDDDDE,0.605239928,0.716216216,-0.256756757,2.148648649,-3.434140883,3.166691963,0.040540541,0.162162162,0.054054054,0.027027027,0.649378625,8710.7,23.56450764,0.37042892,4.28
76,-0.127188878,MRVKGPSSRRKKKKILKLAKGYRGQRSRSYRRAKEAVMRALYYQYRDRKLRKREFRRLW,0.261753798,0.474576271,0.372881356,2.945762712,16.38548444,2.834419731,0.118644068,0.237288136,0.152542373,0.016949153,0.79719258,7458.1,23.74378829,0.45948106,11.85
77,0.2837497,LEEQKLQIQVELLELEKQRFRWQRFSKKRDQELERMRMENERMKLENDRMGLELKQRELGVE,0.128188893,0.483870968,0,3.108064516,-0.696238433,3.037960735,0.048387097,0.274193548,0.193548387,0,0.769312367,7867.2,22.36843501,0.41591412,6.56
78,0.184017711,NDHSDSSNKKRLCGNREAVRKYREKKKARTAYLEDEVMRLQSLNEQFLRKLQSQEMVETELIRLRALLVEMQ,0.280469216,0.388888889,0.055555556,3.452777778,-0.817268863,3.328635117,0.041666667,0.305555556,0.25,0,0.879160498,8644.2,24.5293667,0.414218,9.51
79,0.328520256,LDGLHNELQTIGFQIETIGKKVSSKRIPYAPSGEIPKFSLQDPPNKKPKV,0.343218207,0.26,0.06,3.828,-0.581753174,3.541573438,0.06,0.24,0.32,0.12,0.888085736,5542.4,21.61048469,0.46506828,9.52
80,0.152070611,AEESSKIRAPTTMKKFEDSEKAKKPVRSMIETRGEKPKEKAKNSKKKGAKKEGSDGPLATSKPVPAEKSGLPVGPENGVELSKEELIRRKREEFIQKHGRGMEKSNKSTKSDAPKEKGKKAPR,0.156810693,0.447154472,0.12195122,3.003252033,4.78196776,4.138777542,0.016260163,0.195121951,0.260162602,0.081300813,0.831830473,13595.3,36.61589107,0.43463877,10.03
81,0.564446033,LQAQNPLTESERRSMEDQIERLKNEKEGLLAELQNQEQERKEFELQVTTLKD,0.080547735,0.403846154,-0.096153846,3.107692308,0.657340786,2.979045695,0.019230769,0.25,0.307692308,0.019230769,0.815198208,6207.8,20.84994021,0.44401827,4.61
82,0.252874311,FGPLLPTESERSLMERVRQELKLELKQGFKSRIEDVREEIMRKRRAGKLPGDTT,0.172509015,0.425925926,0.055555556,3.514814815,-0.430426008,3.059673701,0.037037037,0.259259259,0.222222222,0.055555556,0.845122368,6350.2,21.27063837,0.42743704,9.81
83,0.329111044,ESSDQAKEEEEKEEEEEERDSMMGQKIDGSEGEDIQIWGEEEVRRLMEIDA,0.185405165,0.549019608,-0.31372549,2.870588235,8.625558559,2.827950556,0.019607843,0.215686275,0.215686275,0,0.74030881,5988.9,21.14455875,0.46519977,3.95
84,0.371998667,VSPTRSVLPANWRQELESLRNGNGSSSAASSAPAPARSSSASWRDAAPASSAPARSSSASKKA,0.186637588,0.174603175,0.079365079,3.83968254,0.690201049,3.442933458,0.031746032,0.301587302,0.396825397,0.095238095,0.726004936,6323.7,22.76649327,0.4233325,11.71
85,0.616310467,VTPSRSALPSNWKQELESLRSSSPAPASSAPAPARSSSASWRDAAPASSAPARSSSSKKAVTPSRSALPSNWKQELESLRSSSPAPASSAPAPARSSSASWRDAAPASSAPARSSSASKKAVTPSRSALPSNWKQELESLRSNSPAPASSAPAPARSSSASWRDAPASSSSSSADKA,0.129326452,0.18079096,0.06779661,3.779096045,2.435528842,4.882175225,0.033898305,0.282485876,0.372881356,0.129943503,0.687565367,17846.7,43.11977183,0.42980784,11.48
86,0.421754622,GSSVKRQSTARTRSFTETNRRTPSVQSKHEFWEDPDDGSDSENEYEGEEEDGIGNDLDNESDWEDDSRVQKLTTTDNYEEELAKEVEQLLEPEERVILQQNEKPNLKMIST,0.325913504,0.396396396,-0.162162162,2.988288288,2.480569364,3.850537324,0.054054054,0.162162162,0.351351351,0.036036036,0.894571972,12862.8,31.74452773,0.43410054,4.23
87,0.159220767,VTQVAKQERKKNRRGGAKRLDESEIEPENLVPEEWRDIQAEVNLTKKDKRKIAQEMEFGVRVEKKRQGLIPLRKVDLNDFLTYKEAKLAQLRPVILDKPGNFSDDSGASSDGETAVSSPSERVAPKNPRWAVYGKGFDHVAKFFNSDKYDPSDKKS,0.190035775,0.378205128,0.032051282,3.467307692,-0.340713508,4.536165898,0.070512821,0.25,0.243589744,0.057692308,0.918416379,17751.2,38.13775829,0.42217875,9.32
88,0.290929656,EQVSHGTQNRPLLRNSLDDLVGPPSNLEGQSDERALLDQLHTLLSNTDATGLEEIDRALGIPELVNQGQAL,0.180582754,0.225352113,-0.112676056,3.957746479,1.499996408,3.709000533,0,0.323943662,0.394366197,0.056338028,0.838553125,7671.9,25.61044449,0.43020627,4.27
89,0.420285811,QQQIQHRLQQAQLMRRRMATMNTRNVPQQSLPSPTSAPPGTPTQQPSTPQTPQPPAQPQPSPVSMSPAGFPSVARTQPPTTVSTGKPTSQVPAPPPPAQPPPAAVEAARQIEREAQQQQHLYRVNINNSMPPGRTGMGTPGSQMAPVSLNVPRPNQVSGPVMPSMPPGQWQQAPLPQQQPMPGLPRPVISMQAQAAVAGP,0.209202521,0.08,0.05,3.7135,1.765616729,5.498950338,0.015,0.27,0.415,0.22,0.813048037,21238.3,47.76403212,0.4120777,12.15
90,0.3991254,VQPPRSISPSALQDLLRTLKSPSSPQQQQQVLNILKSNPQLMAAFIKQRTAKYVANQPGMQPQPGLQSQPGMQPQPGMHQQPSLQNLNAMQAGVPR,0.262315765,0.09375,0.072916667,3.782291667,1.137355633,4.39334677,0.020833333,0.302083333,0.4375,0.145833333,0.832554173,10495.5,30.84509381,0.42145273,11.59
91,0.0168312,MTPSTPPRSRGTRYLAQPSGNTSSSALMQGQKTPQKPSQNLVPVTPSTTKSFKNAPLLAPPNSNMGMTSPFNGLTSPQRSPFPKSSVKRTLFQFESHDNGTVREEQEPLGRVNRILFPTQQNVDIDAAEEEEEGEVLLPPSRPTSARQLHLSLERDEFDQTHRKKIIKDVPGTPSDKVITFELAKNWNNNSPKNDAR,0.290323153,0.233502538,0.020304569,3.549746193,-1.453129552,5.076300987,0.050761421,0.21319797,0.385786802,0.116751269,0.920424159,21861.1,44.2624332,0.4035676,9.47
92,0.1739388,MSESSSKSSQPLASKQEKDGTEKRGRGRPRKQPPVSPGTALVGSQKEPSEVPTPKRPRGRPKGSKNKGAAKTRKTTTTPGRKPRGRPKKLEKEEEEGISQESSEEEQ,0.319093138,0.392523364,0.112149533,2.693457944,-0.019533841,3.836625732,0,0.112149533,0.373831776,0.121495327,0.799007934,11674.5,34.55314412,0.4451399,10.31
93,-0.026761711,MSARGEGAGQPSTSAQGQPAAPAPQKRGRGRPRKQQQEPTGEPSPKRPRGRPKGSKNKSPSKAAQKKAEATGEKRPRGRPRKWPQQVVQKKPAQEETEETSSQESAEED,0.374565616,0.348623853,0.110091743,2.590825688,-0.769118415,3.822975302,0.009174312,0.137614679,0.366972477,0.137614679,0.78323856,11833.9,34.10230284,0.43145326,10.63
94,0.095560022,LPRRPGHDDGQRPSGGAAAAPRRGAQLRRPRHSHPTRARRCPGGLPGHAGGAAPGRGAAGRARCLGPSARGPG,0.245832518,0.232876712,0.178082192,3.434246575,4.569631352,3.325689781,0,0.232876712,0.356164384,0.150684932,0.685701957,7320,26.84790352,0.4426422,12.3
95,0.083893078,MSERQGAGATNGKDKTSGENDGQKKVQEEFDIDMDAPETERAAVAIQSQFRKFQKKKAGSQS,0.311761618,0.35483871,0,3.167741935,-1.451052731,3.231566852,0.048387097,0.209677419,0.370967742,0.016129032,0.855926635,6792.7,22.2518015,0.42075458,6.21
96,0.391917211,MDSKSVTPEPTNPFYASSGQSGKTYASVVAAAAAAAADKEDGGAVSSAKELDSSSEAVSGNSDKVGADDLSDSEKEKPNLVGDGKVSDEVDGSLKEDS,0.124090623,0.295918367,-0.112244898,3.833673469,2.62849491,4.085872454,0.030612245,0.285714286,0.346938776,0.040816327,0.802180346,9770.6,30.78074642,0.43924785,4.14
97,0.348692956,DSAEEDENKLPVEDIVSSREFSFGGKEVDQEPSGEGVTRVDGSESEEETEEMIFGSSEAAKQFLAELEKASSGIEAHSDEANISNNMSDRIDGQIVTDSDEDVDTEDEGE,0.270366371,0.390909091,-0.263636364,3.509090909,22.27863193,4.007715308,0.036363636,0.227272727,0.327272727,0.018181818,0.844723651,11920.6,34.30880197,0.4488514,3.76
98,0.097938233,QDKKTMMMNEEDDGNGMDELLAVLGYKVRSSEMADVAQKLEQLEVMMSNVQEDDLSQLATETVHYNPAELYTWLDSMLTDLNPPSSNAEYDLKAIPGDAILNQ,0.2348914,0.262135922,-0.145631068,3.954368932,5.23589823,4.337279408,0.048543689,0.359223301,0.291262136,0.038834951,0.902574981,11546.4,31.70031313,0.43236625,3.95
99,0.166355733,LTNNVLSTAQQVYLRKLGGAKPNMDENASKIISAGRAKRSIAQPDDAGERFRQLKEQEKRSKKNKAVAKDTVELVEESQSESEEGSDDEEEEAREGALASSTTSKPLPEVGQRRSKRSKRKRTV,0.392994106,0.387096774,0.032258065,3.258870968,-2.181803617,3.948741802,0.016129032,0.25,0.314516129,0.032258065,0.872028609,13751.1,32.45491527,0.4072789,9.39
100,0.066086789,DCESKPFSGGVEPMYCLENGAEEMKRGVKADKHWLSEFEHNYWSDILKEKEKQKEQGIVETCQQQQQDSLSVADYGWPNDVDQSHLDSSDMFDVDELLRDLNGDDVFAGLNQDRYPGNSVANGSYRPESQQSGFDPLQSLNYGIPPFQLEGKDGNGFFDDLSYLDLEN,0.140797071,0.285714286,-0.130952381,3.545833333,9.465084385,4.783848823,0.107142857,0.202380952,0.339285714,0.047619048,0.931252471,19047.9,37.52740684,0.3964458,4.15
101,0.191293167,DLCQLSAETKKTPSRSARRKKAKRQWLREKTKLEKEELLQTQLVVAPSQKPV,0.303230062,0.384615385,0.153846154,3.367307692,0.754384562,3.089446402,0.019230769,0.269230769,0.25,0.057692308,0.800494574,6055,21.66762926,0.44248635,10.29
102,0.678681322,ADLKKELSGSSKKGELPPGRSTVAASTRYPFKDSEIENELNELRRKANDF,0.19104594,0.38,0.02,3.372,-0.585847347,3.101053445,0.06,0.22,0.28,0.06,0.856258086,5576.9,20.57785824,0.43462178,8.34
103,0.061921033,MSEPAGDVRQNPCGSKACRRLFGPVDSEQLSRDCDALMAGCIQEARERWNFDFVTETPLEGDFAWERVRGLGLPKLYLPTGPRRGRDELGGGRRPGTSPALLQGTAEEDHVDLSLSCTLVPRSGEQAEGSPGGPGDSQGRKRRQTSMTDFYHSKRRLIFSKRKP,0.286215499,0.298780488,0.018292683,3.654878049,-1.572279726,4.546160655,0.06097561,0.213414634,0.317073171,0.079268293,0.920996256,18107.4,37.34130932,0.3907171,8.69
104,0.254711167,KGTSTRKPRINSQLVAQQVAQQYATPPPPKKEKKEKVEKQDKEKPEKDKE,0.091070287,0.44,0.12,2.56,0.955923795,3.135240459,0.02,0.16,0.26,0.12,0.797696159,5773.3,21.83618275,0.4712585,9.79
105,0.388068944,MSDAAVDTSSEITTKDLKEKKEVVEEAENGRDAPANGNAENEENGEQEADNEVDEEEEEGGEEEEEEEEGDGEEEDGDEDEEAESATGKRAAEDDEDDDVDTKKQKTDEDD,0.438909978,0.576576577,-0.396396396,2.528828829,41.37269954,3.527900504,0,0.171171171,0.243243243,0.009009009,0.726928581,12202.6,38.31707337,0.5079074,3.66
106,-0.003548722,MSETVPPAPAASAAPEKPLAGKKAKKPAKAAAASKKKPAGPSVSELIVQAASSSKERGGVSLAALKKALAAAGYDVEKNNSRIKLGIKSLVSKGTLVQTKGTGASGSFKLNKKASSVETKPGASKVATKTKATGASKKLKKATGASKKSVKTPKKAKKPAATRKSSKNPKKPKTVKPKKVAKSPAKAKAVKPKAAKARVT,0.216234297,0.3,0.23,3.855,36.25131473,5.204919202,0.01,0.335,0.275,0.08,0.761789049,20204.1,52.43192709,0.43283543,10.93
107,0.431860211,MATLIYVDKENGEPGTRVVAKDGLKLGSGPSIKALDGRSQVSTPRFGKTFDAPPALPKATRKALGTVNRATEKSVKTKGPLKQKQPSFSAKKMTEKTVKAKSSVPASDDAYPEIEKFFPFNPLDFESFDLPEEHQIAHLPLSGVPLMILDEERELEKLFQLGPPSPVKMPSPPWESNLLQSPSSILSTLDVELPPVCCDI,0.204436101,0.26,0,4.0815,-3.474055406,5.452700905,0.06,0.285,0.265,0.12,0.918865425,21778,47.37211364,0.40905085,6.75
108,0.446876856,MSARVRSRSRGRGDGQEAPDVVAFVAPGESQQEEPPTDNQDIEPGQEREGTPPIEERKVEGDCQEMDLEKTRSERGDGSDVKEKTPPNPKHAKTKEAGDGQP,0.191046655,0.392156863,-0.078431373,2.942156863,-0.292164087,3.781023929,0.009803922,0.166666667,0.31372549,0.107843137,0.874192135,11153.3,32.68748622,0.44197163,4.7
109,0.376526111,MRRRGEIDMATEGDVELELETETSGPERPPEKPRKHDSGAADLERVTDYAEEKEIQSSNLETAMSVIGDRRSREQKAKQEREKELAKVTIKKEDLELIMTEMEISRAAAERSLREHMGNVVEALIALTN,0.141546346,0.410852713,-0.069767442,3.539534884,1.036321337,4.104228066,0.007751938,0.317829457,0.23255814,0.031007752,0.875637888,14657,36.0327887,0.42057842,4.9
110,0.203231189,MVRTKADSVPGTYRKVVAARAPRKVLGSSTSATNSTSVSSRKAENKYAGGNPVCVRPTPKWQKGIGEFFRLSPKDSEKENQIPEEAGSSGLGKAKRKACPLQPDHTNDEKE,0.221913926,0.297297297,0.081081081,3.530630631,0.583462039,4.165017912,0.045045045,0.225225225,0.333333333,0.081081081,0.918761093,11984,32.69468992,0.4215225,9.85
111,0.258104167,VEEKKTRAAREGDRRDNRLRGPGGPRGGLGGGMRGPPRGGMVQKPGFGVGRGLAPRQ,0.109351348,0.333333333,0.157894737,3.273684211,2.508579687,3.041928437,0.01754386,0.192982456,0.350877193,0.105263158,0.751519564,5962.9,22.61537131,0.44602394,11.93
112,0.011657644,MESNQSNNGGSGNAALNRGGRYVPPHLRGGDGGAAAAASAGGDDRRGGAG,0.22742755,0.18,0.02,3.618,-0.263014237,2.973777327,0.02,0.26,0.5,0.04,0.742198128,4709.1,19.49872696,0.44907552,8.51
113,0.339787167,MLCEDQHMSVENTPQKGSGSLNSSASSISIDVKPTMQSWAQEVRAEFGHS,0.209199905,0.18,-0.06,3.904,0.13594621,3.292099572,0.04,0.26,0.46,0.04,0.916044757,5422.9,19.73992831,0.43843392,4.97
114,0.152193511,EVKFERLVKEEKLKTPYKRRHSFTPPSNENSRSNSPNSSNSSANGDAAAPKGGNNPHSRNSKKSGNFRAHKEEKRVRHN,0.162124768,0.329113924,0.126582278,2.725316456,2.592721886,3.376617083,0.050632911,0.126582278,0.417721519,0.075949367,0.830107196,8912.7,26.47277407,0.42417976,10.58
115,0.310384678,MIKRELMKDPRLANEDWSRFLPKFKNKNISKRKQPKVKKQKKEYTPFPPSQPESKVDKQLASGEYFLNQEQKQAKRNQERTEKQKEAAKRQDERRNKDFVPPTEESAASSRKKEDGSSSSKVDVKALKAKLIKANKKARSS,0.171233296,0.425531915,0.141843972,2.90141844,8.684179019,4.203037234,0.056737589,0.19858156,0.255319149,0.063829787,0.867827467,16443.1,37.47647275,0.41612437,10.19
116,0.761002422,GQHMKKSSLSESSSDMMDLDDGVESTPGLTETHPGRSAVAPFLGAQQQQQQPVASSLSMSIDKQLQHPLQQLTQTQLYQQQQQQQQQQQNGFKQQQQQTQQQLQQQQSHTINASAAAATSGSGSSGLTMRHNNALAVSIETDV,0.340053737,0.111888112,-0.027972028,3.551048951,-0.107788846,4.571278529,0.020979021,0.251748252,0.58041958,0.034965035,0.84058014,15550.3,33.9153491,0.39972422,5.59
117,0.243525467,KKFKEEEKPAWAKKDIRDYSEADLERLLDQWEEDEEPLEDDELPEHLRPQPKLDLSNLDSKSPEDLLKVSKKG,0.288595974,0.506849315,-0.123287671,3.006849315,-0.75732258,3.600680543,0.054794521,0.219178082,0.136986301,0.082191781,0.804421253,8651.6,26.52377435,0.4556893,4.57
118,0.4687716,MSSPDDFETAPAEYVDALDPSMVVVDSGSAAVTAPSDSAAEVKANQNEENTGATAAETSEKVDQTEVEKKDDDDTTEVGVTTTTPSIADTAATANIASTSGASVTEPTTDDTAADEKKEQVSG,0.168826438,0.276422764,-0.178861789,3.876422764,11.32626592,4.395591883,0.016260163,0.300813008,0.357723577,0.048780488,0.80805865,12476.9,37.03482595,0.44341296,3.68
119,0.612603344,YDNFREVVDSRLQEESHSNGVDNSNSNSDNKDSIRPKTEIISTNTNGATEDSTSEKVMVDAEQQARLQEQAQLLRQHVSSTASITSGGHNDLVQIEQPQKDTSNNNNSNVNDEDNDLLTQDNNPQTADEGNASFQAQRSMISRGALPSHN,0.173916079,0.24,-0.093333333,3.280666667,3.65127859,4.258495473,0.02,0.22,0.493333333,0.026666667,0.89214249,16494.8,37.38450511,0.42390418,4.41
120,0.541920967,QRGYKTFEEIQKEEEARQQQEEDEAVDEIKQEIKFTKQSSVASTRNTLKMAQDAERAGMNTLGMLGHQSEQLNNVEGNLDLMKVQNKVADEKVAELKKLNR,0.193843283,0.356435644,-0.03960396,3.362376238,-0.867809049,3.880871634,0.02970297,0.287128713,0.326732673,0,0.882934213,11589.7,29.41004174,0.40743977,5.11
121,0.5142722,SILAVHVSNPFNSKRRRREREEQLKNRKIEEKLMREQTSQQLSQSTQRIEGAMNANNNISEVRERYQRKNVLEKAKRYQFENDEEDDEMELEIDRNLDQIQQVSNRLKKMALTTGKELDSQQKRLNNIEESTDDLDINLHMNTNRLAGIR,0.294209018,0.373333333,-2.78E-17,3.151333333,-2.088165835,4.03225329,0.026666667,0.26,0.333333333,0.006666667,0.887553298,17873.5,34.39522001,0.38891453,6.75
122,0.673197256,MSQEQPRRPQAGQDPIKYGDVLPVSGDLSQKPITPEDAAMMQSAESRVLGQTQPGGVASVMQSAATRNEQAGIVGHKDVTDVTGDRGVTVTETQVPGRRI,0.171404608,0.22,-0.02,3.875,-0.263152664,4.149111143,0.01,0.3,0.39,0.08,0.884213014,10568.4,31.02497578,0.4295821,5.23
123,0.659981922,ITETVGGQVVGQFVEPTPVQVGLTGAVRESALTIGEALEATAHTVGDKPVEQSDASAIQAAEVRATGSNVITPGGLASMAQSAAAFNAECQREEEKIKMG,0.110562664,0.19,-0.07,4.473,1.041982303,4.325471705,0.02,0.38,0.36,0.04,0.873254638,10135.8,30.94314814,0.44089782,4.47
124,0.465584289,MASHQEQSYKAGETRGKAQEKTGEAMGTMGDKTQAAKDKTQETAQSAQQKAHETAQSAKDKTSQAAQTTQERAQESKDKTGSYMSETGEAIKNKAHDAAEYTKETAEAGKEKTSGILGQTGEQVKQMAMGATDAVKHTLGLRTDEGNKEHVSSAPSTTTTTTTRETQRK,0.078260586,0.295857988,-2.78E-17,3.183431953,-0.249976154,4.477421126,0.017751479,0.224852071,0.455621302,0.00591716,0.83292838,18101,40.80131173,0.42960313,6.98
125,0.237972533,WEAEENVPYTAYFDKARKTRAPGSKIMNPNDPEYNSDSQSQAPPHPPSSRTKPEQVDTVRRSREHMRSREESELKQFGDAGGSSNEAANKRQGRASQNNS,0.231044665,0.31,0.01,2.858,-0.70944126,3.723278687,0.06,0.16,0.38,0.09,0.904767678,11263.4,29.82676506,0.42170966,8.26
126,0.355993444,RDNSGVTLEGPKDLPPQLESNQGARGSGSANSVGSSTTRPKSPWMPFPTL,0.211313628,0.18,0.02,3.608,-0.281100482,3.348503385,0.04,0.18,0.46,0.14,0.858513936,5207.4,20.9374248,0.42898118,8.59
127,0.448708678,MASYQNRPGGQATDEYGNPIQQQYDEYGNPMGGGGYGTGGGGGATGGQGYGTGGQGYGSGGQGYGTGGQGYGTGTGTEGFGTGGGARHHGQEQLHKESGGGLGGMLHRSGSGSSSSSEDDGQGGRRKKGITQKIKEKLPGHHDQSGQAQAMGGMGSGYDAGGYGGEHHEKKGMMDKIKEKLPGGGR,0.233007543,0.182795699,0,3.317741935,-0.790949142,4.774915462,0.064516129,0.123655914,0.602150538,0.02688172,0.798268394,18464.5,36.8492113,0.4012329,7.1
128,0.341956522,MAEEYKNNVPEHETPTVATEESPATTTEVTDRGLFDFLGKKEEEVKPQETTTLESEFDHKAQISEPELAAEHEEVKENKITLLEELQEKTEEDEENKPSV,0.159125611,0.4,-0.2,3.299,10.32101667,4.084437123,0.04,0.22,0.28,0.06,0.838005241,11425,32.49099255,0.43992403,4.29
129,0.323040444,IEKLHRSNSSSSSSSDEEGEEKKEKKKKIVEGEEDKKGLVEKIKEKLPGHHDKTAEDDVPVSTTIPVPVSESVVEHDHPEEEKKGLVEKIKEKLPGHHDE,0.190695666,0.46,-0.08,3.131,0.75520658,3.985498146,0,0.2,0.28,0.06,0.782078367,11220.6,32.00682163,0.45031172,5.38
130,0.737421533,KAEDSPAVTSTPLVVTEHPVEPTTELPVEHPEEKKGILEKIKEKLPGYHAKTTEEEVKKEKESDD,0.127611801,0.415384615,-0.107692308,3.363076923,1.247180516,3.738806484,0.015384615,0.230769231,0.230769231,0.107692308,0.779920298,7273.5,25.78822832,0.46252033,4.88
131,0.178208011,TAGEKEDAPRRERKPRPTTPRRKEGAERKPRAQKPVEKAPKTVKAPREEQ,0.121990409,0.52,0.16,2.352,1.178729713,2.749172206,0,0.16,0.16,0.16,0.704101068,5773.9,22.96078205,0.45920348,10.67
132,0.2672067,RQLALEAKGETPSAVTRLSVVAKSEPQDEQSRSQSPRRIILSRLKAGEVD,0.240406536,0.32,0.04,3.78,-0.355820998,3.078492379,0,0.32,0.3,0.06,0.826912663,5485,20.98284899,0.4544506,9.68
133,0.614310956,YNGQSETSQQPETPVFNTLPMMGKASPVSLGVPSEATANNGQQQQVQEQRRRINAMLQDYELQRRLHSEQLQFEQAQTQQAAVQVPGIQTLGTQSQ,0.26444722,0.145833333,-0.020833333,3.572916667,-0.144997287,4.056378578,0.041666667,0.260416667,0.489583333,0.0625,0.870456451,10707,27.93528288,0.39525118,5.2
134,0.359163489,KKAMSDDEPKQDKTSQDADFTAKTIADKQADTNQEQAKTEDAKRHDKEQV,0.116461113,0.46,-0.06,2.63,-0.195478973,2.853766096,0.02,0.2,0.3,0.02,0.779111803,5666,20.02166482,0.44341183,4.93
135,0.241772022,MVYKHAISTVVPSRPVSHHSNNAGGGTSSNYHHGSSAQNTSAQQDSEETE,0.748849511,0.12,-0.04,3.486,-0.756570937,3.151936265,0.04,0.2,0.6,0.04,0.850796723,5281.4,18.82964405,0.4120342,6.14
136,0.269338944,RALGMSMRVERSSLEQVQERFEVLKKRKAPGTFTEQDLDERIRKQQEEEEELKRQRREKKKEKKKGKVVEEEPEMDPEVAEMMGFGGFGSSKKS,0.299856946,0.489361702,0.021276596,3.046808511,-1.237834944,3.593242492,0.042553191,0.212765957,0.223404255,0.031914894,0.825167879,11084.9,28.30369675,0.41519156,8.9
137,0.204776756,NKPEKDAEMDTDSSTPVVKTKVRGKKVKRRYKEEKEEIAGSIRWLAEVVMRSERARMETMKEIERMRAEAEAKRGELDLKRTEIMANT,0.171517886,0.477272727,0.045454545,3.325,-0.633191077,3.5261432,0.022727273,0.306818182,0.170454545,0.022727273,0.843253233,10309.6,28.21660536,0.41793486,9.47
138,0.242975611,RKLLGEGIDACSIEELQQLENQLDRSLSRIRAKKYQLLREEIEKLKAEERNLVKENK,0.197063088,0.438596491,0.01754386,3.496491228,-0.842204796,3.124154089,0.01754386,0.315789474,0.210526316,0,0.798093467,6758,21.53201079,0.43452853,8.09
139,0.376783256,LSELWNIDPKRAKRILANRQSAARSKERKARYIQELERKVQSLQTEATTLSAQLTLYQRDTNGLANENTELKLRLQAMEQQAQLRNALNEALRKEVERMKMETGEISGNSDSFDM,0.166266419,0.32173913,0.026086957,3.544347826,-1.337957932,3.9686066,0.034782609,0.32173913,0.313043478,0.008695652,0.878950558,13296.2,31.35489079,0.41025957,9.39
140,0.073354722,NTLKDILEEFMRQTVKMEKEWRDAWEMKEIEREKREKEWRRRMAELEEERAATERRWMEREEERRLREEARAQKRDSLIDALL,0.07970334,0.578313253,-0.024096386,2.878313253,-0.325180864,3.099947498,0.060240964,0.277108434,0.084337349,0,0.766100897,10616.8,25.95829674,0.41111562,5.47
141,0.628344733,SEGGGGGTSGAARKREYSSDEEEENVNEELVDVSNDPKILNPKKNIAKKRKGGSNSSNSNNGVREVLEEFMRHQVRMESEWREGWEAREKERAEKEEEWRRKMEELEKERLAMERMWRDREEQRRSREEMRAEKRDSLINAL,0.167801574,0.478873239,-0.028169014,2.834507042,-0.817439972,3.782237394,0.042253521,0.211267606,0.253521127,0.014084507,0.84686417,16834.9,33.79480866,0.40634254,5.42
142,0.171597467,PFRDELHINEDMDMHESAKLERQRREEARRSLRSGLTGLPQPKNEYQIVAQPPPEESEEPEEKIEEDMSDRIAREKAEEEARQQALLKKRSKVLQRDLPRPPAASLAVIRNSLLSADGDKSSVVPPTPIEVADKMVREELLQ,0.189862244,0.387323944,-0.049295775,3.458450704,-0.194689773,4.334825149,0.014084507,0.302816901,0.204225352,0.091549296,0.877186692,16259.2,37.95852707,0.41296765,5.06
143,-0.025896589,MADRVKGPWSQEEDEQLRRMVEKYGPRNWSAISKSIPGRSGKSCRLRWCN,0.295544982,0.34,0.1,3.302,-0.150457687,2.970716225,0.08,0.2,0.28,0.06,0.904789579,5879.5,19.75030993,0.41046768,9.89
144,0.606144689,VEKLTEENRRLEKEAAELRALKLSPRLYGQMSPPTTLLMCPSCERVAGPSSSNHNQRSVSL,0.092925072,0.262295082,0.032786885,3.849180328,-0.139699496,3.46526935,0.016393443,0.295081967,0.31147541,0.081967213,0.862757022,6802.7,23.60144666,0.44934595,8.82
145,0.4717849,TPEEVKLKAQELRERARKKKEEEEKRMEREREKERIRIGKELLEAKRMEEVNERKRLMFLRKAEKEEEKRAREKIRQKLEEDKAERRRKLGLPPEDPATAAAKPSV,0.107447524,0.603773585,0.075471698,2.76509434,0.831307795,3.433397526,0.009433962,0.264150943,0.075471698,0.047169811,0.753524464,12882,32.48603397,0.43568325,9.79
146,0.057637167,PLQEIFGVTKNNDHEKHDEEPDEESYRMAKRQRSMEYRMMMEKKRRKEIKDKVDIL,0.241027154,0.5,0,2.848214286,-1.915030726,2.92216511,0.053571429,0.232142857,0.178571429,0.035714286,0.880884157,6966.7,21.00586559,0.41825026,7.32
147,0.083735167,KRKLSIPMTVARVVKYIPEQKQELQRLSRRKEELLKRISRKTHQEQLRNKAMMDSID,0.229559042,0.403508772,0.157894737,3.407017544,1.888023551,3.115775928,0.01754386,0.315789474,0.228070175,0.035087719,0.861522163,6928.3,22.68112787,0.44182852,10.73
148,0.085835322,YTSVYNNSLEAEPSSNNDQDEDRINDKMKRRLAQNREAARKSRLRKKAHVQQLEESRLKLSQLEQELV,0.333661884,0.382352941,0.029411765,3.048529412,-1.771636374,3.082087368,0.029411765,0.264705882,0.308823529,0.014705882,0.84862089,8050.1,23.33791359,0.40267363,9.16
149,0.195839233,LQVVDSRMEEEEVDAAETIEEEEQREQRSYKEKVEILKRKKMELKAARLAKRSKTSEGSVKKPKKTEEESPSDEEDDEDSAVDWR,0.370213985,0.541176471,-0.094117647,2.928235294,-0.90083603,3.425153484,0.023529412,0.235294118,0.176470588,0.023529412,0.809845043,9981.7,26.76057107,0.39488992,4.74
150,0.375959867,MMLTKSVVISRPAVRPVSTRRAVVVRASGQPAVDLNKKVQDAVKEAEDACAKGTSADCAV,0.205980532,0.266666667,0.066666667,4.498333333,-0.540013821,3.443845394,0,0.433333333,0.216666667,0.05,0.843765814,6280.9,23.3215981,0.4385169,9.59
151,0.566619144,MATIATGLNIATQRVFVTSENRPVCLAGPVHLNNSWNLGSRTTNRMMKLQPIKAAPEGGISDVVEKSIKEAQETCAGDPVSGECVAAWDEVEELSAAASHARDKKKADGSDPLEEYCKDNPETNECRTYDN,0.191009395,0.267175573,-0.053435115,3.908396947,-0.547213752,4.445779126,0.038167939,0.297709924,0.305343511,0.053435115,0.94495964,14161.5,35.37871329,0.4128196,4.82
152,0.295370189,MSDQSQEPTMEEILASIRRIISEDDAPAEPAAEAAPPPPPEPEPEPVSFDDEVLELTDPIAPEPELPPLETVGDIDVYSPPEPESEPAYTPPPAAPVFDRDEVAEQLVGVSAASAAASAFGSLSSALLMPKDG,0.2132622,0.255639098,-0.195488722,4.145112782,13.18818637,5.036476759,0.037593985,0.338345865,0.180451128,0.187969925,0.816985684,13905.3,42.35261178,0.46553236,3.52
153,0.414586967,CLRKKRKPQAEKVDVIAGSSKMKGFSSSESESSSESSSSDSEDSETEMAPKSKKKGHPGREQKKHHHHHHQQMQQAPAPVPQQPPPPPQQPPPPPPPQQQQQPPPPPPPPSMPQQAAPAMKSSPPPFIATQVPVLEPQLPGSVFDPIGHFTQPILHLPQPELPPHLPQPPEHSTPPHLNQHAVVSPPALHNALPQQPSRP,0.371219963,0.16,0.01,3.3515,-0.855454839,5.577558139,0.02,0.195,0.37,0.25,0.830207495,21718,47.48976404,0.4202335,8.76
154,0.940986422,SNRAAALPPKPARPPAVSPALTQTPLLPQPPMAQPPQVLLEDEEPPAPPLTSMQMQLYLQQLQKVQPPTPLLPSVKVQSQPPPPLPPPPHPSVQQQLQQQPPPPPPPQPQPPPQQQHQPPPRPVHLQPMQFSTHIQQPPPPQGQQPPHPPPGQQPPPPQPAKPQQVIQHHHSPRHHKSDPYSTGHLREAPSPLMIHSPQM,0.332013279,0.08,0.02,3.422,0.008849739,5.891521971,0.015,0.22,0.36,0.325,0.751287637,21964.9,46.00412471,0.3918507,9.87
155,0.656605911,SQFQSLTHQSPPQQNVQPKKQELRAASVVQPQPLVVVKEEKIHSPIIRSEPFSPSLRPEPPKHPESIKAPVHLPQRPEMKPVDVGRPVIRPPEQNAPPPGAPDKDKQKQEPKTPVAPKKDLKIKNMGSWASLVQKHPTTPSSTAKSSSDSFEQFRRAAREKEEREKALKAQAEHAEKEKERLRQERMRSREDEDALEQAR,0.08769821,0.335,0.045,3.2215,0.844791376,4.969755968,0.025,0.235,0.265,0.14,0.878136822,22716.6,48.40061138,0.42459574,9.75
156,0.415878422,RAHEEARRRQEQQQQQRQEQQQQQQQQAAAVAAAATPQAQSSQPQSMLDQQRELARKREQERRRREAMAATIDMNFQS,0.077090262,0.294871795,0.038461538,2.732051282,-0.142590253,3.12030278,0.012820513,0.269230769,0.397435897,0.025641026,0.727186251,9201.2,23.79677931,0.3802276,11
157,0.297124533,EHHSGSQGPLLTTGDLGKEKTQKRVKEGNGTSNSTLSGPGLDSKPGKRSRTPSNDGKSKDKPPKRKKADTEGKSPSHSSSNRPFTPPTSTGGSKSPGSAGRSQTPPGVATPPIPKITIQI,0.183088489,0.25,0.1,3.189166667,2.432414835,4.301757402,0.008333333,0.116666667,0.491666667,0.133333333,0.831358005,12359.8,36.86068353,0.44441321,10.42
158,0.178285033,PKGTVMVGKPSSHSQYTSSGSVSSSGSKSHHSHSSSSSSSASTSGKMKSSKSEGSSSSKLSSSMYSSQGSSGSSQSKNSSQSGGKPGSSPITKHGLSSGSSSTKMKPQGKPSSLMNPSLSKPNISPSHSRPPGGSDKLASPMKPVPGTPPSSKAKSPISSGSGGSHMSGTSSSSGMKSSSGLGSSGSLSQKTPPSSNSCT,0.158004843,0.115,0.095,3.603,6.44473639,5.136301961,0.01,0.125,0.65,0.095,0.708798379,19445.5,49.48030237,0.44163257,10.53
159,0.437462022,ASSSSFSSSGSSMSSSQNQHGSSKGKSPSRNKKPSLTAVIDKLKHGVVTSGPGGEDPLDGQMGVSTNSSSHPMSSKHNMSGGEFQGKREKSDKDKSKVSTSGSSVDSSKKTSESKNVGSTGVAKIIISKHDGGSPSIKAKVTLQ,0.171889156,0.222222222,0.069444444,3.602777778,1.90301247,4.51060124,0.013888889,0.180555556,0.541666667,0.041666667,0.82004358,14654,38.72735596,0.42605945,9.95
160,0.289828767,KPGESSGEGLRPQMASSKNYGSPLISGSTPKHERGSPSHSKSPAYTPQNLDSESESGSSIAEKSYQNSPSSDDGIRPLPEYSTEKHKKHKKEKKKVKDKDRDRDRDKDRDKKKSHSIKPESWSKSPISSDQSLSMTSNTILSADRPSRLSPDFMIGEEDDDLM,0.178046301,0.355828221,0.012269939,3.006134969,-1.573729891,4.464116501,0.036809816,0.147239264,0.374233129,0.085889571,0.863592001,18086.7,40.51528849,0.43486187,8.65
161,0.470886611,TKGTDEVPVPPPVPPRRRPESAPAESSPSKIMSKHLDSPPAIPPRQPTSKAYSPRYSISDRTSISDPPESPPLLPPREPVRTPDVFSSSPLHLQPPPLGK,0.181320906,0.23,0.03,3.569,-0.117419525,4.509870059,0.03,0.2,0.27,0.27,0.81085495,10806.1,34.72733498,0.4231765,9.59
162,0.503916767,KVLQTRMARLIVEHSSTEGKLMKRIEMLEKHLSRYKALARRQKTMHGVSIDGGDISTDGVDERVRPPRLRQTKTIDLPTGTESESLLK,0.251130529,0.340909091,0.068181818,3.778409091,0.123821213,3.761353708,0.011363636,0.306818182,0.306818182,0.034090909,0.886941592,10018.2,28.49304921,0.43015903,10.07
163,1.8106236,EVDMRPSPKLAEEARRDAERYQKEHEMINRQAEATLQKKAEEYRHQTEAEAEKIRRELEKQHERDIQFRKDLIDQTIEKQKREVDLEAKMAKRELDREAQL,0.071853722,0.504950495,-0.02970297,2.882178218,-0.081211544,3.505367667,0.02970297,0.277227723,0.168316832,0.01980198,0.82957334,12309.5,29.92842103,0.41849792,5.74
164,0.6386117,MASHGQSYRAGEATGRAEEKADQMMGKTRGATEAMKNKAQQAKDKTMETAQAAKEKTSEKAYEAKDKTSNMAQSAKGQAQQSKDQTGSFASDKAQAAKDKAYQAAQATKEKASDMTEYAKETAEAGKEKTGGILQRTGEQVKSMAQGAADAVKNTFGMGEPEEDDPIKTTRP,0.118814945,0.325581395,0.011627907,3.268604651,-0.608641721,4.537287676,0.034883721,0.273255814,0.348837209,0.01744186,0.833952044,18342.6,41.40195106,0.42814115,8.58
165,0.323921522,MEKSKKEQMKELEKMRADFQRDLELQKKQIVDRAQSEIARLREEEENHHGGGDDDESEDEEMENDSDVNLSDE,0.260482572,0.520547945,-0.191780822,2.743835616,2.036160752,3.130141191,0.01369863,0.219178082,0.246575342,0,0.824984417,8648.4,25.26446644,0.4165787,4.37
166,0.364865844,ARIGSDPLAYEPKEDLPVITIDPASPQSPESVDLVNEELKGKVLGLSRDPAKVAEEDEDDDGGIMMRSKETSSPGTDDVFTPAPSDSPSSQRIQRCLSDPGPHPEPGEGEPFFPKGQ,0.270738661,0.307692308,-0.11965812,3.645299145,3.834095754,4.456338422,0.034188034,0.222222222,0.282051282,0.145299145,0.889403143,12479.2,35.88721603,0.4329582,4.22
167,0.555591267,CSVTELQEIDTQIEKSLRIVRSRKAELYADQLKKLKEKERELLNERKRLLEEVNMHHSSKGNTEGGHRTKHSSEVE,0.18790511,0.407894737,0.013157895,3.298684211,-0.693670507,3.380856555,0.013157895,0.25,0.315789474,0,0.862662023,8920.4,25.85347659,0.43209475,8.1
168,0.831669211,ARLHEALSQMWQLEAASRAAIENGSEEGLGDSAEVEEAPIEFPRDITMEETEPTRLNPNR,0.257063508,0.316666667,-0.15,3.695,1.377607155,3.409063478,0.033333333,0.316666667,0.266666667,0.066666667,0.860553631,6690,23.34305771,0.45617014,4.28
169,0.237251411,LRSRDNIYEYRDSPSTKTLASKAHTDTTSLRSPSSLAMTQKSSSQASLKS,0.139055539,0.24,0.08,3.518,0.485344153,3.121159889,0.04,0.22,0.46,0.04,0.796925753,5487,20.55005481,0.44476232,9.99
170,0.251058233,YRGSSFLDPKGRGGSTGYDNAVALPAGGRGDEEELVKENVKNTAASVGEI,0.235471621,0.28,-0.04,3.836,-0.509239138,3.189473509,0.06,0.26,0.36,0.04,0.85457121,5138.3,19.91794312,0.44181657,4.81
171,0.267473967,TSGQAESSSGNEGAAPAKGRGRGRPPAAAKGVAKGAAKGAAASKGAKSGAESSKGGEQSSGDIEMADASS,0.316711485,0.242857143,0.042857143,3.71,-1.168387937,3.511563031,0,0.285714286,0.428571429,0.042857143,0.72212983,6419.4,24.79438417,0.4452853,9.6
172,0.193937611,KGGSDQRDSAATVGEGGASGSEGGAKKGRGRGAGKKADAGDTSAEPPRRSSRLTSSGTGAGSAPAAAKGGAKRAASSSSTPSNAKKQATGGAGKAAATKATAAKSAASKAPQNGAGAKKKGGKAGGRKRK,0.255358405,0.269230769,0.161538462,3.493846154,8.823391407,4.157283063,0,0.253846154,0.438461538,0.038461538,0.706770624,12052.2,37.20708846,0.45439577,11.38
173,0.330641333,MSDAGRKGFGEKASEALKPDSQKSYAEQGKEYITDKADKVAGKVQPEDNKGVFQGVHDSAEKGKDNAEGQGESLADQARDYMGAAKSKLNDAVEYVSGRVHGEEDPTKK,0.126990125,0.366972477,-0.036697248,3.290825688,-0.110470701,4.018112871,0.055045872,0.23853211,0.311926606,0.027522936,0.875902381,11691.7,31.24516932,0.4341988,5.22
174,0.355592556,LVSTLGEKSGKGLKTCKSPGRKSKESSPKGRSSSASSPPKKEHHHHHHHSESPKAPVPLLPPLPPPPPEPESSEDPTSPPEPQDLSSSVCKEEKMPRGGSLESDGCPKEPAKTQPAVATAATAAEKYKHRGEGERKDIVSSSMPRPNREEPVDSRTPVTERVS,0.152427383,0.300613497,0.018404908,3.258895706,-1.222053771,4.78170062,0.006134969,0.171779141,0.337423313,0.165644172,0.84610799,17415.4,43.35884984,0.44441366,8.76
175,0.3862088,HQQQQLQQQQHHLQQQQHQQQQQSLSQQPQQQQSQQSQAHSQQHQQQHQQQQQQQQPQQQQPQQHPPQQPQQQNSQQAIVGQSQQQVTSGQQK,0.233,0.010752688,0.010752688,2.074193548,0,3.68334265,0,0.086021505,0.838709677,0.064516129,0.482944074,11078.4,24.4543901,0.37396663,8.8
176,-0.037650756,MEELSSVGEQVFAAECILSKRLRKGKLEYLVKWRGWSSKHNSWEPEENILDPRLLLAFQKKEHEKEVQNRKRGKRPRGRPRKLTAMSSCS,0.347552955,0.366666667,0.1,3.475555556,0.041692379,3.773715059,0.066666667,0.244444444,0.255555556,0.044444444,0.908331974,10599.8,27.55096443,0.4066546,10.01
177,0.707515367,KVRTQKGELGMSPPGSKIPKAPSGGAVEQKVGNTGGPPHTHGASRVPAGCPGPQPAPTQELSLQVLDLQSVKNGMPGVGLLARHATATKGVPATNPAPGKGTGSGLIGASGATMPTDTSKSEKLASRAVAPPTPASKRDCVKGSATPSGQESRTAPGEARKAATLPEMSAGEESSSSDSDPDSASPPSTGQNPSVSVQTS,0.186730534,0.175,0.025,3.8805,-0.777384576,5.257018358,0,0.255,0.43,0.13,0.857393108,19636,48.35882194,0.43071213,9.39
178,-0.064315544,RGGGFGGRGGFGDRGGRGGRGGFGGGRGRGGGFRGRGRGGGGGGGGGGGGGRGGGGFHSGGNRGRGRGGKRGN,0.197273463,0.232876712,0.205479452,3.257534247,7.010638966,3.053751029,0.068493151,0,0.698630137,0,0.375842267,6476.5,21.9281648,0.41238612,12.81
179,0.327451567,EEDAESEDEEEEDVKLLSISGKRSAPGGGSKVPQKKVKLAADEDDDDDDEEDDDEDDDDDDFDDEEAEEKAPVKKSIRDTPAKNAQKSNQNGKDSKPSSTPRSKGQESFKKQEKTPKTPKG,0.557642698,0.520661157,-0.157024793,2.6,-1.765283469,3.86444552,0.016528926,0.140495868,0.256198347,0.066115702,0.804710319,13325.5,30.55963778,0.37520254,4.3
180,0.795408278,MDPGQQPPPQPAPQGQGQPPSQPPQGQGPPSGPGQPAPAATQAAPQAPPAGHQIVHVRGDSETDLEALFNAVMNPKTANVPQTVPMRLRKLPDSFFKPPEPKSHSRQASTDAGTAGALTPQHVRAHSSPASLQLGAVSPGTLTPTGVVSGPAATPTAQHLRQSSFEIPDDVPLPAGWEMAKTSSGQRYFLNHIDQTTTWQ,0.253496446,0.125,-0.005,3.8105,-0.367619035,5.446277429,0.04,0.255,0.41,0.17,0.883866401,20835.7,45.68275331,0.39120743,6.64
181,0.991108511,DPRKAMLSQMNVTAPTSPPVQQNMMNSASAMNQRISQSAPVKQPPPLAPQSPQGGVMGGSNSNQQQQMRLQQLQMEKERLRLKQQELLRQVRPQELALRSQLPTLEQDGGTQNPVSSPGMSQE,0.17017743,0.162601626,0.032520325,3.540650407,-0.133890212,4.427877103,0,0.284552846,0.43902439,0.113821138,0.837016885,13561,35.18423673,0.42269945,10.38
182,0.467459933,ISSTTLAAPSTTQSIAVPASNSTPVQEQPTAQSDTYGQAASTLVSGSSIEQMVQQIMEMGGGSWDKETVTRALRAAYNNPE,0.194374412,0.12345679,-0.049382716,4.10617284,0.261853898,4.051317072,0.037037037,0.308641975,0.469135802,0.061728395,0.872285906,8431.5,26.62142229,0.43782148,4.25
183,0.447856222,LNEPVQEAGGQGGGGGGGSGGIAEAGSGHMNYIQVTPQEKEAIERLKALG,0.148634389,0.18,-0.06,3.986,0.134444579,3.33180217,0.02,0.28,0.48,0.04,0.806402357,4876.6,19.48812281,0.44211408,4.75
184,0.8920471,MQSMKETASNIAASAKSGMDKTKATLGEKAEKMTTRDPLQKEMATQKKEERINEAEMQKREAREHNAAMKEASGAGTGTGLGLGSATHSTTGQVGHGTGTHQMSALPGHGTGQPTGHVVDGTAATEPIGTNTGTGRTTAHNTRVGGGTTGYGTGGGYTG,0.068169281,0.201257862,0.012578616,3.64591195,-0.088222596,4.607211098,0.012578616,0.238993711,0.522012579,0.025157233,0.849567292,16111.8,39.28513125,0.42731535,8.93
185,0.891260733,MQSMKETASNIAASARAGMEKTKATVEEKAEKMKTRDPVQKEMATQKKEDRINQAELEKREAREHNAAAKEAAGAGLGTPGYTAKGSGGLGSATHSTTGRIGHGTGAHQMSALPGHGAGQPTGDVVEGTETAAPIGTNTGTGRTTAHNTRAGGGTTGFTTGGGYSG,0.084820457,0.222891566,0.018072289,3.679518072,-0.060059141,4.636858088,0.018072289,0.259036145,0.469879518,0.030120482,0.853609396,16722.5,40.25174387,0.4287082,9.22
186,0.711408833,MEAMKETAANVGASAISGKEKTKAVVQEKMERMTAHDPMEKEMATKKKEERINQAELNKQEAKEQNAAARQGASTTGTDKPHSYSTTGRTGNPTGAHQMSALPGHGTGAPTGQVTEGVVESRPIGTATGTKRTTVAHNTHAEREVNKGYGTGGAYN,0.083103955,0.25,0.019230769,3.5,-0.013332828,4.526590328,0.019230769,0.262820513,0.429487179,0.038461538,0.87293146,16436.5,39.2602518,0.42126787,9.13
187,0.566275144,MQAMKETASNFAASAKSGMEKTKAVAQEKMERMTADNPTEKEMATEKKKERINEAEMNKQEARDKNAAARQGYSTTGTEKTHSYSTTGATGHPTGAHQMSALPGHGSGEPAGQVVEGVVQSHPIGTATGTQRSSAAHNTHGGGGVNTGYGTGGSYS,0.073749702,0.211538462,0.006410256,3.527564103,-0.150378994,4.557920484,0.032051282,0.243589744,0.480769231,0.032051282,0.87341498,16173.4,38.49116621,0.414604,8
188,0.484176011,MQGAKKAGEAMKETAANVGASAKSGMEKTKATVQEKTDRMRARDPLQKEMATQKKDERMNQAELDKQAAREHNAAAKQSATAGHMGQGHYTTGTGTGTATYSTTGEYGQPMGVHQTSAVPGHGTGQPTGHVTEGVVGSQPIGTNRDPGGTATAHNTRVGGNPNEYGYGTGGTYS,0.081976162,0.201149425,0.017241379,3.492528736,-0.265745727,4.703759867,0.034482759,0.235632184,0.488505747,0.040229885,0.868133648,17980.9,40.39931952,0.40525997,9.1
189,0.807652433,MQSMKETASNIAASAKSGMDKTKATLEEKAEKMKTRDPVQKQMATQVKEDKINQAEMQKRETREYNAAMKEAAGAGTGLGLGTATHSTTGQVGHGTGTHQMSALPGHGTGQLTDRVVEGTAVTDPIGRNTGTGLTTTAHNTHVGPGPYGTGGGYSG,0.054940628,0.205128205,0.012820513,3.715384615,-0.16112297,4.659420795,0.019230769,0.262820513,0.480769231,0.032051282,0.877930021,16097.8,39.04982521,0.42761755,8.86
190,0.654069922,MQSMKETASNIAASAKSGMDRTKATLEEKAEKMTTRDPVQKQMATQNKEGKINQAEMQKREAREHNAVMKEASGAGTGTGLGLGSATHSTTGHVGHGTGTHQMSALPGHGTGQPTGHVVEGTAVTKPIGTNTGTGRTTAHNTHVGGGTTGYGTGGGYTG,0.063499428,0.176100629,0.025157233,3.688679245,0.229609581,4.651894079,0.012578616,0.238993711,0.547169811,0.025157233,0.852980639,16141.9,39.22941468,0.42751932,9.48
191,0.685508556,MQSMNETASNIAASAKSGMDKTKATLEEKAEKMTTRDPIQKEMATQKKEGRINQAEMQKREAREHNAAMKEASGAGTGTGLGLGTATHSTTGHVGHGTGTHQMSALPGHGTGEPTGHVVDGTAVTEPIGTNTGTGRTTAHNTRVGGGTTGYGTGGGYTG,0.077662062,0.194968553,0.006289308,3.670440252,-0.227514556,4.6165242,0.012578616,0.238993711,0.528301887,0.025157233,0.851282599,16149.7,39.20918198,0.4269551,8.08
192,0.752538111,MQSMKETASNIAASAKSGMDKTKATLEEKAEKMTTRDPLQKEMATQKKEGRINEAEMQKREAREHNAVMKEASGAGTGTGLGMGTATHSTTGHVGHGTGTHQMSALPGHGTGQPAGHVVDGTAVTEPIGTNTGTGRTTAHNTRVGGGTTGYGTGGGYTG,0.071675895,0.201257862,0.012578616,3.682389937,-0.07610631,4.623370047,0.012578616,0.245283019,0.51572327,0.025157233,0.851435826,16179.8,39.3246797,0.42753017,8.93
193,0.979530511,MQSAKEAVSNIAASAKSGMDKTKATLEEKAEKMKTRDPVQKEMATQRKEGKINQAEMQKRETQEYNAAMKQAAGGGTGTGVGLGTATHSTTGQVGHGTGTHQMSALPGHGTGHPTGHVVEGTAVTEPIGTNTGTGRTTAHNTRVGGGGTTGYGTRGGYTG,0.086392924,0.19375,0.03125,3.660625,0.343665413,4.645218487,0.01875,0.2375,0.525,0.025,0.848338821,16268,39.1432286,0.4250923,9.56
194,0.363120911,MQSIKETAANIAASARSGLEKTKATLEEKVERATAHDPVQKDMATQKKEERIRQAELEKQEARENNAAARQGGGDGGFTAKGSGGHMASGTHTYSTTGQMGQPTGAQQMSALPGHGTGQPTAQVDDGRVQAYPVGVNTGVGGSKSHNTRVEGNPHAYGTGGTYS,0.073162381,0.213414634,0.006097561,3.570121951,-0.130435065,4.593943458,0.030487805,0.25,0.469512195,0.036585366,0.892709726,16978.8,38.79668862,0.40722385,8.02
195,0.251274578,MQLITAKAHQAKAIRVKLKLIKLLKKEKEREKMQGAKNTGQSIKEKAANVGASAQAGLEKTKATVQEKAEKMSTRDPVQKQMATQKKEHKTNQAEMEKQAAYNQNAAHKEAARAEDIAPGYYGTATHSTTGQHGHPTGGHQMSALPGHGTGQPTGQVTEGVIGSHPIGTNTGTTQTSTTTTARNTRAGVNPNDPRYGHGTGGSY,0.111011412,0.220588235,0.06372549,3.501470588,2.030583301,4.94972083,0.024509804,0.259803922,0.455882353,0.039215686,0.885567278,21672.5,45.46407814,0.41878316,9.9
196,0.430620644,MQAIKEKAANVAASAKSGMEKTKATMQEKVDRAAANNPTEKEMATERKEQKVNQAEFDKRAAQEHNAAARNATKNTGQPHTYSTTGAPGHPTGTHQQSALPGHGTGQPTGQVTEGVVESHHIGTATGTGRTNAAHNTHVGAATNIGGSYT,0.086141005,0.193333333,0.02,3.528666667,-0.052355619,4.500517633,0.02,0.266666667,0.48,0.04,0.866706981,15580.6,37.7280921,0.40757,9.26
197,0.540741522,MQAGKNVAESMKESAANVAASAKSGMEKTKATVQEKVEKMKAHDPTEKEMAAEKKEQRKAEAELNKREAREHNAAVREASKTGVNAGGHTGYSTTGVETATYSTTGIEGQPTGAHQMSALPGYGTGQPAGQVTEGTVGSHPIGTGTGTGRTTAHNTRVEGTGTPGYGTGGSYS,0.06704108,0.225433526,0.005780347,3.612716763,-0.224867947,4.732705483,0.028901734,0.248554913,0.462427746,0.034682081,0.852559941,17726.1,41.14531118,0.41323906,7.95
198,0.4243085,MQAIKEKAANVAASAKSGMEKTKATMQEKVDRATANNPTEKEMATERKEQRVNQAEFDKRAAQEHNAAARNATKNTGQPHTYPTTGAPGHPTGTHQQSALPGHGTGQVTEGVVESHPIGTAAGTGRTSAAHNTHVGAATNIGGSYTQD,0.090415046,0.202702703,0.013513514,3.52972973,-0.279980829,4.484127684,0.02027027,0.27027027,0.459459459,0.047297297,0.873932464,15411.3,37.46319155,0.4153226,8.97
199,0.766137311,MQTAKNAAASVKETAANVAASAKSGMEKTKATLQEKGERMTAHDPTQKEMATEKKEARKDQAEYEKQVERDQNAVQRQAVEATGTHSYSTTGATGHPMGSHQMSALPGHGTGQPAGDVVEGVVGSHPIGRNTGTGQSVAGNNPRTGGGAGGYGTGGAYR,0.085988451,0.213836478,0.012578616,3.583647799,-0.141890504,4.572308637,0.025157233,0.264150943,0.459119497,0.037735849,0.871108792,16308.7,38.91036342,0.41158673,8.86
200,0.521940367,MQAIKEKAANVAASAKSGMEKTKATMQEKVDRATANNPTEKEMATERKEQRVNQAEFDKRAAQEHNAAARNATKNTGQPHTYSTTGAPGHPTGTHQQSALPGQPTGQVTEGVVESHPIGTAAGTGRTNAAHNTHVGAATNIGGSYT,0.086110048,0.198630137,0.020547945,3.54109589,-0.046452145,4.464792965,0.020547945,0.273972603,0.45890411,0.047945205,0.870736388,15216,37.32412842,0.40973786,9.3
