Construct,delta,re,sd_delta,Response,sequence,kappa,FCR,NCPR,hydropathy,SCD,SHD,aromatic,aliphatic,polar,proline,complex,MW,rg
1,0.605561037420873,0.40159333,0.0797752240370277,High,SNRQLERSGRFGGNPGGFGNQGGFGNSRGGGAGLGNNQGSNMGGGMNFGAFSINPAMMAAAQAALQSSWGMMGMLASQQNQSGPSGNNQNQGNMQREPNQAFGSGNNSYSGSNSGAAIGWGSASNAGSGSGFNGGFGSSMDSKSSGWGM,0.125752006,0.060402685,0.020134228,3.809395973,0.070230665,4.631447761,0.080536913,0.201342282,0.630872483,0.026845638,0.760676644,14651.5,31.80319969
2,0.240426682802262,0.31970716,0.0722655200173695,Medium,MASNDYTQQATQSYGAYPTQPGQGYSQQSSQPYGQQSYSGYSQSTDTSGYGQSSYSSYGQSQNTGYGTQSTPQGYGSTGGYGSSQSSQSSYGQQSSYPGYGQQPAPSSTSGSYGSSSQSSSYGQPQSGSYSQQPSYGGQQQSYGQQQSYNPPQGYGQQNQYNSSSGGGGGGGGGGNYGQDQSSMSSGGGSGGGYGNQDQS,0.266,0.02,-0.02,3.063,0.308358152,5.03473772,0.13,0.03,0.765,0.055,0.63472766,20326.9,32.38999807
3,-0.043618142454705,0.3798043,0.100732761003834,Low,GNPIKVSFATRRADFNRGGGNGRGGRGRGGPMGRGGYGGGGSGGGGRGGFPSGGGGGGGQQRAGDWKCPNPTCENMNFSWRNECNQCKAPKPDGPGGGPGGSHMGGNYGDDRRGGRGGYDRGGYRGRGGDRGGFRGGRGGGDRGGFGPGKMDSRGEHRQDRRERPY,0.101655643,0.265060241,0.096385542,3.059638554,5.336187951,4.17340965,0.078313253,0.060240964,0.506024096,0.06626506,0.761518636,16827.4,34.31879147
4,-0.0102835844682957,0.4265991,0.151875648097047,Low,MSRAALPSLENLEDDDEFEDFATENWPMKDTELDTGDDTLWENNWDDEDIGDDDFSVQLQAELKKKGVAAN,0.40819028,0.394366197,-0.253521127,3.445070423,6.714073403,3.583427474,0.084507042,0.253521127,0.23943662,0.028169014,0.863625052,8104.4,25.40192144
5,0.240274721445466,0.4140254,0.154891678231987,Medium,RDEISLDSAKKAACEFSETDVTNTEHHQPSNNDLNTTEKRAAERHPEKYQGSSVSNLHVEPCGTNTHASSLQHENSSLLLTKDRMNVEKAEFCNKSKQPG,0.129013509,0.28,-0.04,3.315,-0.230727719,3.878125971,0.03,0.2,0.42,0.04,0.918226375,11131.7,29.36573505
6,0.255306583037476,0.43721682,0.067631599979561,Low,HNSKAPKKNRLRRKSSTRHIHALELVVSRNLSPPNCTELQIDSCSSSEEIKKKKYNQMPVRHSRNLQLMEGKEPATGAKKSNKPNEQTSKRHDSDTFPEL,0.300528914,0.32,0.1,3.149,1.323120895,3.843395439,0.02,0.2,0.37,0.07,0.909406056,11453.7,30.71427345
8,0.71514395403393,0.42520222,0.0844769148134079,High,KKPLDGEYFTLQIRGRERFEMFRELNEALELKDAQAGKEPGGSRAHSSHLKSKKGQSTSRHKKLMFKTEGPDSD,0.213610649,0.378378378,0.054054054,3.217567568,-0.411074744,3.504651857,0.067567568,0.189189189,0.324324324,0.040540541,0.884229007,8442.1,24.76998056
9,0.736213422636092,0.42804337,0.0631943379933782,High,NTAGTSLPSVDLLQKLRLTPQHDQIQTQPLGKGAMVASFSPAAGQLATPESFIEPPSKTAAARVAASASLSNMVLAPLQSMQQNQDPEVFVQPKVLSSAIPVAGAPLVTATTTAVSSVLLAPSVFQQTVTRSSDLERKASSPSPLTIGTPESQRKPSIILSKSQLQDTLIHLIKNDSSFLSTLHEVYLQVLTKNKDNHNL,0.179260381,0.14,0.01,4.4075,-0.123919474,5.503618247,0.03,0.355,0.39,0.085,0.887652871,21163.8,47.23915887
10,0.548550004073921,0.35390514,0.0869808622890655,Medium,MGDEDWEAEINPHMSSYVPIFEKDRYSGENGDNFNRTPASSSEMDDGPSRRDHFMKSGFASGRNFGNRDAGECNKRDNTSTMGGFGVGKSFGNRGFSNSRFEDGDSSGFWRESSNDCEDNPTRNRGFSKRGGYRDGNNSEASGPYRRGGRGSFRGCRGGFGLGSPNNDLDPDECMQRTGGLFGSRRPVLSGTGNGDTSQS,0.25610669,0.285,-0.015,3.227,-1.393159805,4.467334979,0.1,0.1,0.45,0.045,0.877875355,21759.7,36.24036893
11,0.250938801838577,0.41652507,0.053243042158959,Low,GVDPALSDPVLARRLRENRSLAMSRLDEVISKYAMLQDKSEEGERKKRRARLQGTSSHSADTPEASLDSGEGPS,0.25832805,0.351351351,0,3.536486486,-0.964272058,3.388351417,0.013513514,0.283783784,0.297297297,0.054054054,0.862162762,8104.2,24.94020975
12,0.495988541376093,0.38812047,0.081971455309004,High,GPTQAAPGVRVEEEEWAREIGAQLRRMADDLNAQYERRRQEEQHRHRPSPWRVM,0.198173143,0.37037037,0,3.012962963,-0.979110716,2.835855896,0.055555556,0.259259259,0.240740741,0.074074074,0.852309301,6479.9,19.2052252
13,0.602148633028492,0.41534665,0.0916323910747178,High,MKHPYEEFPTGSKSPYNMSRGAHPGAVLLSPQSSAINKNNPGSNSGNNQGNSSVTANVLSPQSHSMSLNDMLDQQSFMLDTAGTRAQPLQQQQQQQQQQQQASLPSLNIQTVSSTAAGSAIVSPMMQSPKALQSTLSSTSMYLDSFQRSPNNILGIPSQSGSIPLPQSRQSQQQSQSQKNDPNMGTNFSQDINQLCSWIS,0.22852236,0.085,0.005,3.7325,-0.174624134,5.176764224,0.04,0.24,0.55,0.08,0.87212787,21502.5,43.72053091
14,0.629790315182217,0.4408414,0.0511482661425814,High,DGAGEGPAQSLTEQMKKIALESVGQPEELMESDNCSGGDDDWTHLSSKEVDPSTGELQSLQMPESEGPSSLDPSQEGPTGLKEAALYPHLPPEADPRLIE,0.168173932,0.27,-0.17,3.64,7.078990987,4.2890312,0.02,0.24,0.35,0.11,0.872207676,10593.2,32.96157598
15,0.376287763635085,0.4375178,0.0667143046401353,Medium,KVPAQESQDVSGSRPAAPLIGAPANSEDTHLVDPKTDPSDSQTGLAEQCAGIRKRPATDDSSTQNKRANRTEENVSDGSPN,0.29433462,0.271604938,-0.049382716,3.35308642,-0.126255536,3.645465681,0,0.222222222,0.395061728,0.098765432,0.878284216,8469.2,27.29948902
17,0.109615530001807,0.41536027,0.0711783752330188,Low,RTYMDVMREQHLTKEEREIRQQLAEKAKAGELKVVNGAAASQPPSKRKRRWDQTADQTPGATPKKLSSWDQAETPGHTPSLRWDETPGRAKGSETPGATP,0.188492514,0.32,0.04,3.177,-0.259108771,3.929320841,0.04,0.22,0.33,0.09,0.896482963,11145.9,30.01271486
18,0.318385727599757,0.44624805,0.120561556509053,Low,MPLPVALQTRLAKRGILKHLEPEPEEEIIAEDYDDDPVDYEATRLEGLPP,0.484767124,0.36,-0.16,3.862,-0.277985683,3.393074547,0.04,0.34,0.12,0.14,0.831899195,5678,21.25102096
19,0.334213279529111,0.4142517,0.10562985460316,Medium,PNSVVTKSAKKLRSSNADAEEKLDRSHDKSDRGHDKSDRSHEKLDRGHDKSDRGHDKSDRDRERGYDKVDRERERDRERDRDRGYDKADREEGKERRHHRREELAPYPKSKKAVSRKDEELDPMDPSSYSDAPRGTWSTGLPKRNEAKTGADTTAAGPLFQQRPYPSPGAVLRANAEASRTKQQD,0.093755744,0.47027027,0.027027027,2.580540541,0.190649391,3.990698849,0.037837838,0.156756757,0.275675676,0.059459459,0.865260497,21255.8,42.47971625
20,0.400519500385206,0.39629382,0.105167138145125,Medium,MSDEAKEKRELESQKESSHNKSEKSVEPKPKRRRRRNYDDYDAEVAKEETKAKNGLTKSENNGTVEDSESDMDDAKLDALMGNEGEEEEDDLAEIDTSNIITSGRRTRGKVIDYKKTAEELDKKEPSTGSKDDVGYGEKEEDDEDEEDDDFKE,0.319642052,0.522875817,-0.14379085,2.71503268,6.520314617,4.028989956,0.032679739,0.169934641,0.254901961,0.019607843,0.846130152,17458.2,37.4829727
21,0.382613239817453,0.4040511,0.0669827408325624,Medium,MNIVPQDTFKSQVSTDQDKSVLSSAVPSLPDTLRQQEGGAVPLSTQLNDRHPLESTLKNWETTQRQRQMEQYRQIFGIAEPMKRTMEMEIVNRTDFNPLSTNGSIHRDILLNKECSIDWEDVYPGTGLQASTMVGDDVHSKIEKQLGI,0.12971963,0.243243243,-0.040540541,3.809459459,0.479924304,4.641375231,0.047297297,0.27027027,0.378378378,0.054054054,0.950674245,16750.4,36.54325272
22,0.364213212099581,0.42904586,0.112221536534233,Medium,LNMEDLMEGNHHLLSDSSEAGSSSEGEHISSIPTRGEIAKLKAQKSLSRRKISESDVTTERDYVKLLDSEDKREIMETIRLNGGLKRNNEKEITNFSDDE,0.216449581,0.37,-0.07,3.48,0.608896882,3.817111732,0.02,0.25,0.35,0.01,0.875450887,11284.1,30.14610767
23,0.918800899610809,0.42385352,0.0704219084754231,High,MQGFQDEMLALTDNQIAIQKDSKRKIIEKAINEVPYRTNEEWETQLLSKGNINKSNEKIITPLPVLFPDDDESGNSIERINEMVSKICLQRKKVEMRLQALEKTKIDLEKSKASLINKLIGN,0.188666247,0.327868853,0,3.840163934,-1.083876739,4.400266041,0.032786885,0.319672131,0.278688525,0.032786885,0.904967965,14018.4,34.33173441
24,0.578011695944564,0.42412254,0.0737742268243172,High,MKLPVAQYSAPDGVEKSFAPIRDDPRYMTTEGRTTGPSDHVLNAGQIDRDKPSEPERTKDGSQLTYLGQLRTQLTGLQDDINEFLTGRMELAKNKKKAGADEKRIQEEINQLLDGGDGDEDAV,0.185845472,0.333333333,-0.056910569,3.494308943,0.477856832,4.227807299,0.040650407,0.25203252,0.317073171,0.056910569,0.915908862,13596.3,34.27605796
25,0.638355903177899,0.43200594,0.0400082605655716,High,NAGTEKEKESKKDSKPAFSFGISNGSESKDSDKPSLPSAVDGENDKKEATKPAFSFGINTNTTKTADTKAPTFTFGSSALADNKEDVKKPFSFGTSQPNN,0.063990941,0.3,-2.78e-17,3.389,-0.234624923,4.159269672,0.08,0.15,0.4,0.07,0.818561124,10582.8,30.77318668
26,0.714338917746585,0.41193962,0.103070552347445,High,MSENIGHININANLQNVDRRDAAAIQSVERKLLGYNPPGGLASEAQSAAALNEGIGQPMNRGISTDIPAPADIDVDRGTASKDFGHVRFDVDLNQVRPEEAAALQAAESKIEGLAPSITVGGIGSAAQSMAAFNEREQSETGPFHPGIKATEPLPGPTYYQGVELSPSALPTYAPDVSVFPPSLSTNTSNVGAVPPSITT,0.106289744,0.175,-0.055,4.2045,1.88813143,5.31042394,0.045,0.33,0.355,0.095,0.913411807,20735.1,45.69850274
27,0.260225523120316,0.4044296,0.0506104423329096,Low,MSESGQEQNRGTNTSPNNAENNNNSNAASGPLNGGAEQTRNITVSIQYSYFTPERLAHLSNISNNDNNENNSAASGSTIANGTGPSFGIGNGGHQPDGALVLSFRDVPASTPQDRLNSFISVAAQLAMERFNRLLNRPKGISKDEFDKLPVLQVSDLPKAEGPL,0.125234995,0.170731707,-0.024390244,3.782926829,0.050972555,4.754550242,0.048780488,0.256097561,0.457317073,0.067073171,0.901483866,17373.6,37.82290416
28,0.833370054238888,0.41796517,0.177446554263197,High,QKISESVGVQRAAQQDTDEVAANEAAFERIRRVLYDPTAVNSTNENSSAPSENTSNTTVPTIGNASSGEQMLSRTGFFLVPQNGQPLHNPVRLPPNDSDRNGVNGPSSTTQNPPSNSGGSNNNQSPRWVP,0.219475828,0.161538462,-0.023076923,3.559230769,-0.272915901,4.401484876,0.038461538,0.215384615,0.484615385,0.1,0.885326525,13827.3,34.96095616
29,0.139720733983599,0.4124822,0.0840084176418637,Low,MSVYFPIHCSDYLRSAEMTEVMMNAPSMEEIGLSPRKDGLSYQIFPDPSDFDRCCKLKDRLPSIVVEPTEGEVESGELRWPPEEFLVQEDEQDNCEETTNEKKDQ,0.212409414,0.333333333,-0.142857143,3.700952381,4.844833133,4.240689337,0.076190476,0.228571429,0.238095238,0.085714286,0.938531399,12132.8,33.07171561
30,0.389955643468271,0.41460562,0.0546691073966032,Medium,TPVTIENFLSWKAKFDAELLEIKKKRMKEEEQAGKNKLSGKQLFETDHNLDTSDIQFLEDAGNNVEVDESLFQEMDDLELEDGEDDPDYNPVAPGSDSSD,0.324846551,0.38,-0.18,3.503,4.526479158,4.071173833,0.07,0.24,0.27,0.04,0.896095442,11330.7,30.90370178
31,0.423588659383968,0.46361908,0.0799081821323023,Medium,SHRPIKGILKNKTSAASPPVVPSAEQPRPIVEEELSKKSQKWDEMNILAT,0.323025912,0.28,0.04,3.768,-0.733743147,3.428790784,0.02,0.3,0.28,0.12,0.881754924,5535,21.44304537
32,0.190669580303627,0.4137729,0.0702786223617141,Low,YHPADKDYGLMKIDEPNTPYHNMIGDDEDAYSDSEGNEVMTPDILAKKLAAAEGSEPKYRTREQESSGEEDNDLSPEEREKKRQFEMKRKLHYNEGLNIKLARQLISKDLHDDDEDEEMAETADGDSMNVEESSQGSTTSDHLQHKSQSS,0.293149024,0.38,-0.14,3.083333333,8.386739927,4.308429005,0.046666667,0.213333333,0.32,0.04,0.906731764,17059.8,37.19638871
33,0.202334033309916,0.41451615,0.102912096284043,Low,METLKSKTKTRVLPSWMTAPVDERKVVSVKTATRKQTAAWAQRVGAATRAPATETVYCMNEAEMVDVALGILIEGRKQEKPWEQRSLEATDKLQLSPPCSSSPGSSSEEEDSRISSLAPGLSPPRGPEASDSPCSRSPEEEKEEEDALKY,0.205988444,0.306666667,-0.026666667,3.724,-2.388466888,4.637400063,0.033333333,0.273333333,0.28,0.086666667,0.891921745,16400.1,38.82653913
34,0.311647999934963,0.426907,0.153471148306045,Medium,MLWQKSTAPEQAPAPPRPYQGVRVKEPVKELLRRKRGHTSVGAAGPPTAVVLPHQPLATYSTVGP,0.291378841,0.184615385,0.092307692,3.96,0.603822986,3.859346041,0.046153846,0.307692308,0.292307692,0.169230769,0.847730098,7002.9,25.2779094
36,0.626068816615832,0.39844596,0.144640826358139,High,MESSAKMESGGAGQQPQPQPQQPFLPPAACFFATAAAAAAAAAAAAAQSAQQQQQQQQQQQQAPQLRPAADGQPSGGGHKSAPKQVKRQR,0.354285002,0.111111111,0.044444444,3.614444444,-0.282864454,4.123939244,0.033333333,0.311111111,0.422222222,0.111111111,0.730879076,9218.9,27.83815669
37,0.0628557051875339,0.4131698,0.0882587611137095,Low,RRNERERNRVKLVNLGFATLREHVPNGAANKKMSKVETLRSAVEYIRALQQLLDEHDA,0.205142655,0.344827586,0.068965517,3.644827586,-0.692181939,3.189216148,0.034482759,0.344827586,0.25862069,0.017241379,0.885111753,6736.5,21.82845575
38,0.244668368910749,0.40746295,0.0665882903777434,Medium,ENFSRKRYRSVDLSKENDDRKQNENKSLKESETSGPTAAPMWAVAPPSRSGAGNTFWMLPVPTTAGNQMESSSNNNTAAGHRAPPMWPFVNSAGGGAGGG,0.175773487,0.2,0.02,3.542,-0.165169512,4.134425749,0.07,0.22,0.42,0.09,0.89856065,10607.8,29.27635193
39,0.38196249046057,0.41158667,0.0528308573723887,Medium,GGAATHFMAGTGFSFPMDQYRGSPLQLGSFLAQPQPTQNLGLSMPDSNLGMLAALNSAYSRGGNANANAEQANNAVEHQEKQQQSDHDDDSREENSNSSE,0.208350346,0.16,-0.08,3.597,0.916311241,4.095579667,0.06,0.25,0.48,0.05,0.878762475,10609.5,28.74761581
40,0.483923073644449,0.43460742,0.0447937745851759,Medium,MQEQATSSLAASSLPSSSERSSSSAPHLEIKEGIESDEEIRRVPEFGGEAVGKETSGRESGSATGQERTQATVGESQ,0.136724889,0.272727273,-0.090909091,3.597402597,1.167687156,3.588626647,0.012987013,0.220779221,0.454545455,0.038961039,0.814141478,8023.8,26.44458304
41,0.21213302658737,0.42699173,0.0954414327958934,Medium,SSLMGPNGNSKTMINGSYNKRDLIRGRRGELFSAPASMRTSPTNSGHLRVSTAGLSSSSGSTSSSSSDSTMEELQAAIQAAIAHCKNSSAVDRDDKVKDS,0.156801634,0.21,0.03,3.837,-0.613430169,3.94371198,0.02,0.26,0.47,0.03,0.879814456,10405.3,29.8338151
42,0.54637878571782,0.40592283,0.0399879338900718,Medium,MAEEYKNTVPEQETPKVATEESSAPEIKERGMFDFLKKKEEVKPQETTTLASEFEHKTQISEPESFVAKHEEEEHKPTLLEQLHQKHEEEEENKPSLLDKLHRSNSSSSSSSDEEGEDGEKKKKEKKKKIVEGDHVKTVEEENQGVMDRIKEKFPLGEKPGGDDVPVVTTMPAPHSVEDHKPEEEEKKGFMDKIKEKLPG,0.164205149,0.43,-0.09,3.102,5.049275949,4.873686642,0.035,0.19,0.275,0.07,0.861934208,22849.6,46.16323075
43,0.269778906673213,0.41398764,0.0730959069214454,Medium,MAEEIKNVPEQEVPKVATEESSAEVTDRGLFDFLGKKKDETKPEETPIASEFEQKVHISEPEPEVKHESLLEKLHRSDSSSSSSSEEEGSDGEKRKKKKEKKKPTTEVEVKEEEKKGFMEKLKEKLPGHKKPEDGSAVAAAPVVVPPPVEEAHPVEKKGILEKIKEKLPGYHPKTTVEEEKKDKE,0.144181624,0.448648649,-0.048648649,3.235135135,0.157857505,4.889015776,0.027027027,0.216216216,0.221621622,0.086486486,0.82530816,20779.1,45.83824147
44,0.175553725586603,0.430616,0.061151602389809,Medium,GERHLLKNIKRRKTSSQTQTQSLEGEIHELRRDRMALEVELVRLRRKQES,0.309635237,0.42,0.1,3.172,0.12803621,2.736635284,0,0.26,0.32,0,0.821881457,6034.9,19.6545506
45,0.0398973218644331,0.43076432,0.0564628150100887,Low,SSDQRTLRRLAQNREAARKSRLRKKAYVQQLENSRIRLAQLEEELKRARQQGSLVER,0.294179663,0.403508772,0.157894737,3.133333333,1.728003575,2.773314454,0.01754386,0.298245614,0.280701754,0,0.776028343,6813,21.6795045
46,0.339434439876856,0.44347063,0.0843430627160173,Medium,ILLKGKKLGGLLPAGGENGSEATDVSDEVEAAEMEDEAVRSQVQHKPKEDKLKLVPEL,0.33729519,0.362068966,-0.086206897,3.905172414,-0.98780079,3.460329727,0,0.344827586,0.24137931,0.051724138,0.835128773,6190.9,22.37760507
47,0.423371615044155,0.4406914,0.122003563657106,Medium,DRMKKLIEDPDKFYTPKTRPSGHDIGKSFSKDNGGSIPPNLLQISNSESNGQYLANCK,0.176104441,0.275862069,0.034482759,3.412068966,-0.132804588,3.481212652,0.068965517,0.172413793,0.379310345,0.086206897,0.901662414,6436.4,22.64180095
48,0.295501804394831,0.42769402,0.0543921131245795,Medium,QISTIAESEDSQESVDSVTDSQKRREILSRRPSYRKILNDLSSDAPGVPRIEEEKSEEET,0.245038278,0.4,-0.1,3.291666667,0.260224108,3.133090539,0.016666667,0.216666667,0.316666667,0.05,0.824794017,6820.1,22.660631
49,0.0709194044026337,0.4545223,0.10796464580486,Low,PIPELDDAVVESFFSSSTDSTPMFEYENLEDNSKEWTSLFDNDIPVTTDD,0.184172399,0.3,-0.26,3.836,6.373236088,3.417492101,0.12,0.2,0.3,0.08,0.829061674,5688.3,21.49551146
50,0.244246193175383,0.45280945,0.15429276062969,Medium,RARNTEAARRSRARKLQRMKQLEDKVEELLSKNYHLENEVARLKKLVGER,0.258120216,0.46,0.14,3.17,0.937499294,2.748854068,0.02,0.32,0.2,0,0.803952871,6012.7,20.17790488
51,0.369108366828083,0.4506068,0.0577739852700819,Medium,MSSKEQKTPEGQAPEEIIMDQHEEIEAVEPEASAEQVDPRDEKVANLEAQ,0.195047207,0.38,-0.22,3.334,3.32326996,3.171412679,0,0.3,0.24,0.08,0.82499941,5591.6,21.91770318
52,0.256560470122775,0.4493563,0.0533177190058538,Medium,KKLEEETEPAAMDRVKAEVRLMIQKARLEKKMSQADLAKQINERTQVVQE,0.16533912,0.42,0.02,3.548,-0.701791237,3.055092715,0,0.38,0.18,0.02,0.817537998,5836.5,20.71384252
53,0.265558033921112,0.43626422,0.0605910246107023,Medium,QGSGGQTQTQSQATASATTGGATAQPQTKPKVRARRGQATDPHSIAERLRRERIAERMKSLQELVPNGN,0.219190218,0.231884058,0.086956522,3.357971014,0.536007555,3.331576756,0,0.246376812,0.463768116,0.057971014,0.850595396,7367.6,24.84716122
54,0.19813319478273,0.42374867,0.0630481773057074,Low,TTMQSLCGSSSSTSSYYPLAISGIGETMAQDRALAALRNHKEAERRRRERINSHLNKLR,0.125148412,0.254237288,0.084745763,3.7,0.192187254,3.157027787,0.033898305,0.288135593,0.389830509,0.016949153,0.875560267,6616.7,21.448369
55,0.274558111665144,0.43844765,0.082260089949645,Medium,PVLLEVEVDKKVPVLPMVAGGSGLDEFINFDPEVERQQTELRHKRTGGKH,0.273432255,0.32,-0.04,3.982,-0.859487872,3.350625548,0.04,0.3,0.26,0.08,0.880637021,5592,20.33831915
56,0.381250820206173,0.43428925,0.0381801505731135,Medium,EKLLDTMNRLDDKYRELRSQLSNKSLAPEVHQQISKQLADRERELLPIYGQIS,0.050311692,0.339622642,0,3.541509434,-0.136983162,3.155568772,0.037735849,0.301886793,0.283018868,0.037735849,0.87250109,6260.3,20.95854558
57,0.298374156056012,0.4256277,0.088513093525863,Medium,SLVHMDIKPSNIFISRTSIPNAASEEGDEDDWASNKVMFKIGDLGHVTRI,0.484845832,0.26,-0.06,4.198,-0.621432659,3.340493051,0.06,0.32,0.32,0.04,0.911788858,5542,19.59908366
58,0.631488901813428,0.41750616,0.134595508107033,Medium,MSATAATVPPAAPAGEGGPPAPPPNLTSNRRLQQTQAQVDEVVDIMRVNVDKVLERDQKLSELDDRADALQAGASQFETSAAKLKRKY,0.241511941,0.261363636,-0.011363636,3.881818182,-0.698896271,3.972976749,0.022727273,0.352272727,0.272727273,0.090909091,0.882965163,9393.8,28.67536053
59,0.211905187799893,0.48854208,0.0526258677113202,Low,DVDFGDSDNENEPDAYLARLKAEAREKEEDDDDGDSDEESTDEDFKPNENESDVAEEYDSNVESDSDD,0.273624912,0.544117647,-0.397058824,2.613235294,23.04012371,3.068932923,0.058823529,0.147058824,0.220588235,0.029411765,0.752677798,7681.9,27.72481397
60,0.122332028670781,0.47167152,0.0579438955066693,Low,DSDASGGGGDSDGAKKKKEKKSEKKEKKEKKHKEKERTKKPSKKKKDSGK,0.149311982,0.66,0.22,1.82,1.75612433,2.667496507,0,0.04,0.28,0.02,0.600728079,5559.3,21.21936699
61,0.267383200972753,0.43341282,0.0507446881143703,Medium,GGDSDNEKGGKSSKKRKTEPSPSKKANTSGSGFKSKEYISDDDSTSSDDEKDNEPAKKKSKPPSDGDAKKKKAKSESEPEESEEDSNASDEDEEDEASD,0.410518289,0.505050505,-0.101010101,2.365656566,-1.802305054,3.60797176,0.02020202,0.070707071,0.343434343,0.060606061,0.721069122,10607.2,30.33471194
62,0.440252430490908,0.4359138,0.092521491043274,Medium,HSSRPSQNIAAGLESPDQQAGAQILGQCGTGGSDEPSEPSRAEDPGPGPW,0.301269308,0.18,-0.1,3.476,0.400013798,3.274464877,0.02,0.18,0.46,0.14,0.818688642,5027.4,20.51346966
63,0.246570073213562,0.4314521,0.142711342437534,Low,ATYNNATEQEGKTYIQGETPEQANARYLKRVGAANNQNPAAEDKGATTPASKEEAKKSEAAAKNAGKAAGKALPKTSAVK,0.181831598,0.275,0.05,3.41,-0.445135183,3.732104891,0.0375,0.3,0.3375,0.05,0.800184987,8276.3,26.91953305
64,0.634945520594437,0.43176207,0.14068566905336,High,GAIQLTEALRMQMEVQKQLHEQLEVQRVLQLRIEEHAKYLEKMLEEQRKTGRWISSSSQTVLSPSDDSIPDSQNMSKTKASSPQPPLPAENKASETEDDKCESPQKRRRLENIAESEDPKR,0.197874531,0.338842975,-0.024793388,3.325619835,-0.346642163,4.167075755,0.016528926,0.256198347,0.314049587,0.066115702,0.898592956,13904.7,33.94847274
65,0.291134481163551,0.4176202,0.0843641744272552,Medium,EFCIPTSSTIEQQNSARIRQNTREHPSTANTVDRTNHQLENLEAETAPLP,0.267985776,0.22,-0.06,3.434,0.05866086,3.02391676,0.02,0.22,0.44,0.08,0.851065221,5644.8,20.02694667
66,0.115743449539339,0.43385842,0.130135175593538,Medium,MPRGFLVKRSKKSTPVSYRVRGGEDGDRALLLSPSCGGARAEPPAPSPVP,0.320051417,0.26,0.1,3.934,0.04486681,3.27661741,0.04,0.26,0.26,0.16,0.82791103,5245.7,20.9930165
67,0.00565974608523476,0.44103068,0.123479746462438,Low,SSVSASSSPSPSTPTKSGKMRSRSSSPVRPKAYTPSPRSPNYHRFALDSPPQSPRRSSNSSITKKGSRRSSGSSPTRHTTRVCV,0.22228872,0.202380952,0.178571429,3.304761905,5.963634508,3.692986527,0.035714286,0.119047619,0.488095238,0.142857143,0.768228094,8975,29.66105481
68,0.0926221573502182,0.45031846,0.0678825338618586,Low,ATIKRLKRSPDKQAAALPRRERNRQAAAASPENSRGKGRRGQRGKNRGCV,0.262316093,0.38,0.26,2.956,6.227059618,2.558386968,0,0.24,0.3,0.06,0.804734493,5525.3,21.21188171
69,0.309124027314116,0.48109815,0.0640451344017644,Medium,ATGFVKKDQLGKNEEGAPQEGILEDMPVDPDNEAYEMPSEEGYQDYEPEA,0.226024412,0.36,-0.24,3.244,3.705569001,3.302901878,0.08,0.22,0.24,0.1,0.85091626,5560.5,21.9384428
70,0.347578348091346,0.44590762,0.0748442000803095,Medium,EENRTEAPEETEPERETPSAINGNPSWHLADSPAVNGATGHSSSLDAREV,0.188889459,0.28,-0.16,3.324,2.075558393,3.159080164,0.02,0.22,0.38,0.1,0.82150612,5341.9,20.69825998
71,0.352984903517231,0.4620598,0.058218747530743,Medium,SGVNKSDKKVTPTEEKEQEAVSKSTSPAANSADTPNETGKRPLEEEKPPK,0.128785409,0.38,-0.02,2.904,-0.458868164,3.129396924,0,0.16,0.34,0.12,0.786935091,5352.1,21.3586775
72,0.333394830747211,0.46280843,0.0392786449135184,Medium,AMQECMQKYPDLYPQEDEDEEEEREKKPAEQAEETAPIEATATKEEEGSS,0.330999956,0.46,-0.26,2.804,5.120621913,3.041815496,0.04,0.2,0.2,0.08,0.780068048,5748.6,21.974271
73,0.295424208788834,0.45694137,0.0906007956387184,Medium,ILFKDNEKSCQNKESNKDDTKEAKESKENKEVSSPDDLELELENLEINDD,0.15858008,0.5,-0.18,2.856,1.96185114,2.908157335,0.02,0.18,0.26,0.02,0.76166463,5794.8,21.46882576
74,0.279400078064458,0.46889552,0.0478370316571597,Low,LCGRPGRGQTQQEEEEEDEDHGPDDYDEEDEDEVEEEETNRLPGGRSRVL,0.6889036,0.52,-0.32,2.468,3.69728077,2.645038813,0.02,0.1,0.28,0.06,0.758246202,5772.4,21.23326871
75,0.172585063310842,0.37042892,0.0467627124187636,Low,QPYEKKAAKLKEKYEKDIAAYRAKGKPDAAKKGVVKAEKSKKKKEEEDDEEDEEDEEEEEEEEDEDEEEDDDDE,0.605239928,0.716216216,-0.256756757,2.148648649,-3.434140883,3.166691963,0.040540541,0.162162162,0.054054054,0.027027027,0.649378625,8710.7,23.56450764
77,0.283749677776952,0.41591412,0.157629168385415,Low,LEEQKLQIQVELLELEKQRFRWQRFSKKRDQELERMRMENERMKLENDRMGLELKQRELGVE,0.128188893,0.483870968,0,3.108064516,-0.696238433,3.037960735,0.048387097,0.274193548,0.193548387,0,0.769312367,7867.2,22.36843501
78,0.184017549824319,0.414218,0.081423258443192,Low,NDHSDSSNKKRLCGNREAVRKYREKKKARTAYLEDEVMRLQSLNEQFLRKLQSQEMVETELIRLRALLVEMQ,0.280469216,0.388888889,0.055555556,3.452777778,-0.817268863,3.328635117,0.041666667,0.305555556,0.25,0,0.879160498,8644.2,24.5293667
79,0.328520192735893,0.46506828,0.0924549509620435,Medium,LDGLHNELQTIGFQIETIGKKVSSKRIPYAPSGEIPKFSLQDPPNKKPKV,0.343218207,0.26,0.06,3.828,-0.581753174,3.541573438,0.06,0.24,0.32,0.12,0.888085736,5542.4,21.61048469
81,0.56444606790804,0.44401827,0.0901096414317793,High,LQAQNPLTESERRSMEDQIERLKNEKEGLLAELQNQEQERKEFELQVTTLKD,0.080547735,0.403846154,-0.096153846,3.107692308,0.657340787,2.979045695,0.019230769,0.25,0.307692308,0.019230769,0.815198208,6207.8,20.84994021
82,0.252874421393345,0.42743704,0.0628645547419589,Medium,FGPLLPTESERSLMERVRQELKLELKQGFKSRIEDVREEIMRKRRAGKLPGDTT,0.172509015,0.425925926,0.055555556,3.514814815,-0.430426009,3.059673701,0.037037037,0.259259259,0.222222222,0.055555556,0.845122368,6350.2,21.27063837
83,0.329111060479219,0.46519977,0.0366172573196586,Medium,ESSDQAKEEEEKEEEEEERDSMMGQKIDGSEGEDIQIWGEEEVRRLMEIDA,0.185405165,0.549019608,-0.31372549,2.870588235,8.625558559,2.827950556,0.019607843,0.215686275,0.215686275,0,0.74030881,5988.9,21.14455875
84,0.371998746285304,0.4233325,0.0435461541778871,Medium,VSPTRSVLPANWRQELESLRNGNGSSSAASSAPAPARSSSASWRDAAPASSAPARSSSASKKA,0.186637588,0.174603175,0.079365079,3.83968254,0.690201049,3.442933458,0.031746032,0.301587302,0.396825397,0.095238095,0.726004936,6323.7,22.76649327
85,0.616310613301791,0.42980784,0.0934496381205981,High,VTPSRSALPSNWKQELESLRSSSPAPASSAPAPARSSSASWRDAAPASSAPARSSSSKKAVTPSRSALPSNWKQELESLRSSSPAPASSAPAPARSSSASWRDAAPASSAPARSSSASKKAVTPSRSALPSNWKQELESLRSNSPAPASSAPAPARSSSASWRDAPASSSSSSADKA,0.129326452,0.180790961,0.06779661,3.779096045,2.435528842,4.882175225,0.033898305,0.282485876,0.372881356,0.129943503,0.687565367,17846.7,43.11977183
86,0.421754627105786,0.43410054,0.0752001033769048,Medium,GSSVKRQSTARTRSFTETNRRTPSVQSKHEFWEDPDDGSDSENEYEGEEEDGIGNDLDNESDWEDDSRVQKLTTTDNYEEELAKEVEQLLEPEERVILQQNEKPNLKMIST,0.325913504,0.396396396,-0.162162162,2.988288288,2.480569364,3.850537324,0.054054054,0.162162162,0.351351351,0.036036036,0.894571972,12862.8,31.74452773
88,0.290929745626919,0.43020627,0.129417658433852,Medium,EQVSHGTQNRPLLRNSLDDLVGPPSNLEGQSDERALLDQLHTLLSNTDATGLEEIDRALGIPELVNQGQAL,0.180582754,0.225352113,-0.112676056,3.957746479,1.499996408,3.709000533,0,0.323943662,0.394366197,0.056338028,0.838553125,7671.9,25.61044449
89,0.420285868869461,0.4120777,0.137232276004186,Medium,QQQIQHRLQQAQLMRRRMATMNTRNVPQQSLPSPTSAPPGTPTQQPSTPQTPQPPAQPQPSPVSMSPAGFPSVARTQPPTTVSTGKPTSQVPAPPPPAQPPPAAVEAARQIEREAQQQQHLYRVNINNSMPPGRTGMGTPGSQMAPVSLNVPRPNQVSGPVMPSMPPGQWQQAPLPQQQPMPGLPRPVISMQAQAAVAGP,0.209202521,0.08,0.05,3.7135,1.765616729,5.498950338,0.015,0.27,0.415,0.22,0.813048037,21238.3,47.76403212
90,0.399125550072195,0.42145273,0.0782544158707306,Medium,VQPPRSISPSALQDLLRTLKSPSSPQQQQQVLNILKSNPQLMAAFIKQRTAKYVANQPGMQPQPGLQSQPGMQPQPGMHQQPSLQNLNAMQAGVPR,0.262315765,0.09375,0.072916667,3.782291667,1.137355633,4.39334677,0.020833333,0.302083333,0.4375,0.145833333,0.832554173,10495.5,30.84509381
94,0.0955600549574692,0.4426422,0.087499450789286,Low,LPRRPGHDDGQRPSGGAAAAPRRGAQLRRPRHSHPTRARRCPGGLPGHAGGAAPGRGAAGRARCLGPSARGPG,0.245832518,0.232876712,0.178082192,3.434246575,4.569631352,3.325689781,0,0.232876712,0.356164384,0.150684932,0.685701957,7320,26.84790352
95,0.0838929761439434,0.42075458,0.0594059499374625,Low,MSERQGAGATNGKDKTSGENDGQKKVQEEFDIDMDAPETERAAVAIQSQFRKFQKKKAGSQS,0.311761618,0.35483871,0,3.167741935,-1.451052731,3.231566852,0.048387097,0.209677419,0.370967742,0.016129032,0.855926635,6792.7,22.2518015
96,0.391917230709239,0.43924785,0.0647584201056001,Medium,MDSKSVTPEPTNPFYASSGQSGKTYASVVAAAAAAAADKEDGGAVSSAKELDSSSEAVSGNSDKVGADDLSDSEKEKPNLVGDGKVSDEVDGSLKEDS,0.124090623,0.295918367,-0.112244898,3.833673469,2.62849491,4.085872454,0.030612245,0.285714286,0.346938776,0.040816327,0.802180346,9770.6,30.78074642
97,0.348692714434245,0.4488514,0.0873739023908719,Medium,DSAEEDENKLPVEDIVSSREFSFGGKEVDQEPSGEGVTRVDGSESEEETEEMIFGSSEAAKQFLAELEKASSGIEAHSDEANISNNMSDRIDGQIVTDSDEDVDTEDEGE,0.270366371,0.390909091,-0.263636364,3.509090909,22.27863193,4.007715308,0.036363636,0.227272727,0.327272727,0.018181818,0.844723651,11920.6,34.30880197
99,0.166355829188834,0.4072789,0.0720002993857626,Low,LTNNVLSTAQQVYLRKLGGAKPNMDENASKIISAGRAKRSIAQPDDAGERFRQLKEQEKRSKKNKAVAKDTVELVEESQSESEEGSDDEEEEAREGALASSTTSKPLPEVGQRRSKRSKRKRTV,0.392994106,0.387096774,0.032258065,3.258870968,-2.181803617,3.948741802,0.016129032,0.25,0.314516129,0.032258065,0.872028609,13751.1,32.45491527
101,0.191292982247612,0.44248635,0.0820475993875742,Medium,DLCQLSAETKKTPSRSARRKKAKRQWLREKTKLEKEELLQTQLVVAPSQKPV,0.303230062,0.384615385,0.153846154,3.367307692,0.754384562,3.089446402,0.019230769,0.269230769,0.25,0.057692308,0.800494574,6055,21.66762926
102,0.678681231039251,0.43462178,0.0962518549638231,High,ADLKKELSGSSKKGELPPGRSTVAASTRYPFKDSEIENELNELRRKANDF,0.19104594,0.38,0.02,3.372,-0.585847347,3.101053445,0.06,0.22,0.28,0.06,0.856258086,5576.9,20.57785824
104,0.254711282566351,0.4712585,0.0391893495286283,Medium,KGTSTRKPRINSQLVAQQVAQQYATPPPPKKEKKEKVEKQDKEKPEKDKE,0.091070287,0.44,0.12,2.56,0.955923795,3.135240459,0.02,0.16,0.26,0.12,0.797696159,5773.3,21.83618275
105,0.388068992694787,0.5079074,0.15726293899398,Medium,MSDAAVDTSSEITTKDLKEKKEVVEEAENGRDAPANGNAENEENGEQEADNEVDEEEEEGGEEEEEEEEGDGEEEDGDEDEEAESATGKRAAEDDEDDDVDTKKQKTDEDD,0.438909978,0.576576577,-0.396396396,2.528828829,41.37269954,3.527900504,0,0.171171171,0.243243243,0.009009009,0.726928581,12202.6,38.31707337
106,-0.00354884360335066,0.43283543,0.0728406224940673,Low,MSETVPPAPAASAAPEKPLAGKKAKKPAKAAAASKKKPAGPSVSELIVQAASSSKERGGVSLAALKKALAAAGYDVEKNNSRIKLGIKSLVSKGTLVQTKGTGASGSFKLNKKASSVETKPGASKVATKTKATGASKKLKKATGASKKSVKTPKKAKKPAATRKSSKNPKKPKTVKPKKVAKSPAKAKAVKPKAAKARVT,0.216234297,0.3,0.23,3.855,36.25131473,5.204919202,0.01,0.335,0.275,0.08,0.761789049,20204.1,52.43192709
107,0.431860194490447,0.40905085,0.126151702117937,Medium,MATLIYVDKENGEPGTRVVAKDGLKLGSGPSIKALDGRSQVSTPRFGKTFDAPPALPKATRKALGTVNRATEKSVKTKGPLKQKQPSFSAKKMTEKTVKAKSSVPASDDAYPEIEKFFPFNPLDFESFDLPEEHQIAHLPLSGVPLMILDEERELEKLFQLGPPSPVKMPSPPWESNLLQSPSSILSTLDVELPPVCCDI,0.204436101,0.26,0,4.0815,-3.474055406,5.452700905,0.06,0.285,0.265,0.12,0.918865425,21778,47.37211364
108,0.446876755120043,0.44197163,0.0578103050761544,Medium,MSARVRSRSRGRGDGQEAPDVVAFVAPGESQQEEPPTDNQDIEPGQEREGTPPIEERKVEGDCQEMDLEKTRSERGDGSDVKEKTPPNPKHAKTKEAGDGQP,0.191046655,0.392156863,-0.078431373,2.942156863,-0.292164087,3.781023929,0.009803922,0.166666667,0.31372549,0.107843137,0.874192135,11153.3,32.68748622
109,0.37652618669684,0.42057842,0.0787902263230495,Medium,MRRRGEIDMATEGDVELELETETSGPERPPEKPRKHDSGAADLERVTDYAEEKEIQSSNLETAMSVIGDRRSREQKAKQEREKELAKVTIKKEDLELIMTEMEISRAAAERSLREHMGNVVEALIALTN,0.141546346,0.410852713,-0.069767442,3.539534884,1.036321337,4.104228066,0.007751938,0.317829457,0.23255814,0.031007752,0.875637888,14657,36.0327887
110,0.20323084259746,0.4215225,0.0762580406731976,Low,MVRTKADSVPGTYRKVVAARAPRKVLGSSTSATNSTSVSSRKAENKYAGGNPVCVRPTPKWQKGIGEFFRLSPKDSEKENQIPEEAGSSGLGKAKRKACPLQPDHTNDEKE,0.221913926,0.297297297,0.081081081,3.530630631,0.583462039,4.165017912,0.045045045,0.225225225,0.333333333,0.081081081,0.918761093,11984,32.69468992
111,0.258104328052896,0.44602394,0.0774830511960023,Medium,VEEKKTRAAREGDRRDNRLRGPGGPRGGLGGGMRGPPRGGMVQKPGFGVGRGLAPRQ,0.109351348,0.333333333,0.157894737,3.273684211,2.508579687,3.041928437,0.01754386,0.192982456,0.350877193,0.105263158,0.751519564,5962.9,22.61537131
112,0.0116577485688496,0.44907552,0.105755329655438,Low,MESNQSNNGGSGNAALNRGGRYVPPHLRGGDGGAAAAASAGGDDRRGGAG,0.22742755,0.18,0.02,3.618,-0.263014237,2.973777327,0.02,0.26,0.5,0.04,0.742198128,4709.1,19.49872696
113,0.339786930651401,0.43843392,0.0553145899908797,Medium,MLCEDQHMSVENTPQKGSGSLNSSASSISIDVKPTMQSWAQEVRAEFGHS,0.209199905,0.18,-0.06,3.904,0.135946211,3.292099572,0.04,0.26,0.46,0.04,0.916044757,5422.9,19.73992831
114,0.152193454468877,0.42417976,0.0700114697530484,Low,EVKFERLVKEEKLKTPYKRRHSFTPPSNENSRSNSPNSSNSSANGDAAAPKGGNNPHSRNSKKSGNFRAHKEEKRVRHN,0.162124768,0.329113924,0.126582279,2.725316456,2.592721886,3.376617083,0.050632911,0.126582279,0.417721519,0.075949367,0.830107196,8912.7,26.47277407
115,0.310384681391871,0.41612437,0.140809286354375,Low,MIKRELMKDPRLANEDWSRFLPKFKNKNISKRKQPKVKKQKKEYTPFPPSQPESKVDKQLASGEYFLNQEQKQAKRNQERTEKQKEAAKRQDERRNKDFVPPTEESAASSRKKEDGSSSSKVDVKALKAKLIKANKKARSS,0.171233296,0.425531915,0.141843972,2.90141844,8.684179019,4.203037234,0.056737589,0.19858156,0.255319149,0.063829787,0.867827467,16443.1,37.47647275
116,0.761002189887433,0.39972422,0.0514240094449636,High,GQHMKKSSLSESSSDMMDLDDGVESTPGLTETHPGRSAVAPFLGAQQQQQQPVASSLSMSIDKQLQHPLQQLTQTQLYQQQQQQQQQQQNGFKQQQQQTQQQLQQQQSHTINASAAAATSGSGSSGLTMRHNNALAVSIETDV,0.340053737,0.111888112,-0.027972028,3.551048951,-0.107788847,4.571278529,0.020979021,0.251748252,0.58041958,0.034965035,0.84058014,15550.3,33.9153491
117,0.24352562781458,0.4556893,0.080023179118486,Low,KKFKEEEKPAWAKKDIRDYSEADLERLLDQWEEDEEPLEDDELPEHLRPQPKLDLSNLDSKSPEDLLKVSKKG,0.288595974,0.506849315,-0.123287671,3.006849315,-0.75732258,3.600680543,0.054794521,0.219178082,0.136986301,0.082191781,0.804421253,8651.6,26.52377435
118,0.468771679299241,0.44341296,0.0613571597809907,Medium,MSSPDDFETAPAEYVDALDPSMVVVDSGSAAVTAPSDSAAEVKANQNEENTGATAAETSEKVDQTEVEKKDDDDTTEVGVTTTTPSIADTAATANIASTSGASVTEPTTDDTAADEKKEQVSG,0.168826439,0.276422764,-0.178861789,3.876422764,11.32626592,4.395591883,0.016260163,0.300813008,0.357723577,0.048780488,0.80805865,12476.9,37.03482595
119,0.6126034281864,0.42390418,0.158319805080305,High,YDNFREVVDSRLQEESHSNGVDNSNSNSDNKDSIRPKTEIISTNTNGATEDSTSEKVMVDAEQQARLQEQAQLLRQHVSSTASITSGGHNDLVQIEQPQKDTSNNNNSNVNDEDNDLLTQDNNPQTADEGNASFQAQRSMISRGALPSHN,0.173916079,0.24,-0.093333333,3.280666667,3.65127859,4.258495473,0.02,0.22,0.493333333,0.026666667,0.89214249,16494.8,37.38450511
120,0.541920981995269,0.40743977,0.0756497975406892,High,QRGYKTFEEIQKEEEARQQQEEDEAVDEIKQEIKFTKQSSVASTRNTLKMAQDAERAGMNTLGMLGHQSEQLNNVEGNLDLMKVQNKVADEKVAELKKLNR,0.193843283,0.356435644,-0.03960396,3.362376238,-0.867809049,3.880871634,0.02970297,0.287128713,0.326732673,0,0.882934213,11589.7,29.41004174
121,0.514272231773376,0.38891453,0.0927497406373561,High,SILAVHVSNPFNSKRRRREREEQLKNRKIEEKLMREQTSQQLSQSTQRIEGAMNANNNISEVRERYQRKNVLEKAKRYQFENDEEDDEMELEIDRNLDQIQQVSNRLKKMALTTGKELDSQQKRLNNIEESTDDLDINLHMNTNRLAGIR,0.294209018,0.373333333,-2.78e-17,3.151333333,-2.088165835,4.03225329,0.026666667,0.26,0.333333333,0.006666667,0.887553298,17873.5,34.39522001
122,0.673197193079609,0.4295821,0.0821747831566835,High,MSQEQPRRPQAGQDPIKYGDVLPVSGDLSQKPITPEDAAMMQSAESRVLGQTQPGGVASVMQSAATRNEQAGIVGHKDVTDVTGDRGVTVTETQVPGRRI,0.171404608,0.22,-0.02,3.875,-0.263152664,4.149111143,0.01,0.3,0.39,0.08,0.884213014,10568.4,31.02497578
123,0.659981923452073,0.44089782,0.0739813065512094,High,ITETVGGQVVGQFVEPTPVQVGLTGAVRESALTIGEALEATAHTVGDKPVEQSDASAIQAAEVRATGSNVITPGGLASMAQSAAAFNAECQREEEKIKMG,0.110562664,0.19,-0.07,4.473,1.041982303,4.325471705,0.02,0.38,0.36,0.04,0.873254639,10135.8,30.94314814
124,0.465584152790972,0.42960313,0.0913354094638919,Medium,MASHQEQSYKAGETRGKAQEKTGEAMGTMGDKTQAAKDKTQETAQSAQQKAHETAQSAKDKTSQAAQTTQERAQESKDKTGSYMSETGEAIKNKAHDAAEYTKETAEAGKEKTSGILGQTGEQVKQMAMGATDAVKHTLGLRTDEGNKEHVSSAPSTTTTTTTRETQRK,0.078260586,0.295857988,-2.78e-17,3.183431953,-0.249976154,4.477421126,0.017751479,0.224852071,0.455621302,0.00591716,0.832928381,18101,40.80131173
125,0.237972418668003,0.42170966,0.0530826243229106,Medium,WEAEENVPYTAYFDKARKTRAPGSKIMNPNDPEYNSDSQSQAPPHPPSSRTKPEQVDTVRRSREHMRSREESELKQFGDAGGSSNEAANKRQGRASQNNS,0.231044665,0.31,0.01,2.858,-0.70944126,3.723278687,0.06,0.16,0.38,0.09,0.904767678,11263.4,29.82676506
126,0.35599342598105,0.42898118,0.0543703266435139,Medium,RDNSGVTLEGPKDLPPQLESNQGARGSGSANSVGSSTTRPKSPWMPFPTL,0.211313628,0.18,0.02,3.608,-0.281100482,3.348503385,0.04,0.18,0.46,0.14,0.858513936,5207.4,20.9374248
127,0.448708759531752,0.4012329,0.0568059764232994,Medium,MASYQNRPGGQATDEYGNPIQQQYDEYGNPMGGGGYGTGGGGGATGGQGYGTGGQGYGSGGQGYGTGGQGYGTGTGTEGFGTGGGARHHGQEQLHKESGGGLGGMLHRSGSGSSSSSEDDGQGGRRKKGITQKIKEKLPGHHDQSGQAQAMGGMGSGYDAGGYGGEHHEKKGMMDKIKEKLPGGGR,0.233007543,0.182795699,0,3.317741935,-0.790949142,4.774915462,0.064516129,0.123655914,0.602150538,0.02688172,0.798268394,18464.5,36.8492113
128,0.34195640969554,0.43992403,0.0814765751784018,Medium,MAEEYKNNVPEHETPTVATEESPATTTEVTDRGLFDFLGKKEEEVKPQETTTLESEFDHKAQISEPELAAEHEEVKENKITLLEELQEKTEEDEENKPSV,0.159125611,0.4,-0.2,3.299,10.32101667,4.084437123,0.04,0.22,0.28,0.06,0.838005241,11425,32.49099255
129,0.323040445230213,0.45031172,0.113597955158603,Medium,IEKLHRSNSSSSSSSDEEGEEKKEKKKKIVEGEEDKKGLVEKIKEKLPGHHDKTAEDDVPVSTTIPVPVSESVVEHDHPEEEKKGLVEKIKEKLPGHHDE,0.190695666,0.46,-0.08,3.131,0.75520658,3.985498146,0,0.2,0.28,0.06,0.782078367,11220.6,32.00682163
130,0.737421545660697,0.46252033,0.0497102852886733,High,KAEDSPAVTSTPLVVTEHPVEPTTELPVEHPEEKKGILEKIKEKLPGYHAKTTEEEVKKEKESDD,0.127611801,0.415384615,-0.107692308,3.363076923,1.247180516,3.738806484,0.015384615,0.230769231,0.230769231,0.107692308,0.779920298,7273.5,25.78822832
131,0.178208116717258,0.45920348,0.0888210997256263,Low,TAGEKEDAPRRERKPRPTTPRRKEGAERKPRAQKPVEKAPKTVKAPREEQ,0.121990409,0.52,0.16,2.352,1.178729713,2.749172206,0,0.16,0.16,0.16,0.704101069,5773.9,22.96078205
132,0.267206635285998,0.4544506,0.0648626520350097,Medium,RQLALEAKGETPSAVTRLSVVAKSEPQDEQSRSQSPRRIILSRLKAGEVD,0.240406536,0.32,0.04,3.78,-0.355820998,3.078492379,0,0.32,0.3,0.06,0.826912663,5485,20.98284899
133,0.614310829658764,0.39525118,0.0427148803888792,High,YNGQSETSQQPETPVFNTLPMMGKASPVSLGVPSEATANNGQQQQVQEQRRRINAMLQDYELQRRLHSEQLQFEQAQTQQAAVQVPGIQTLGTQSQ,0.26444722,0.145833333,-0.020833333,3.572916667,-0.144997287,4.056378578,0.041666667,0.260416667,0.489583333,0.0625,0.870456451,10707,27.93528288
134,0.359163519038006,0.44341183,0.0571189725948352,Medium,KKAMSDDEPKQDKTSQDADFTAKTIADKQADTNQEQAKTEDAKRHDKEQV,0.116461113,0.46,-0.06,2.63,-0.195478973,2.853766096,0.02,0.2,0.3,0.02,0.779111803,5666,20.02166482
135,0.241772116743572,0.4120342,0.0613529184622053,Medium,MVYKHAISTVVPSRPVSHHSNNAGGGTSSNYHHGSSAQNTSAQQDSEETE,0.748849511,0.12,-0.04,3.486,-0.756570937,3.151936265,0.04,0.2,0.6,0.04,0.850796723,5281.4,18.82964405
136,0.269338862341007,0.41519156,0.0755645088173261,Medium,RALGMSMRVERSSLEQVQERFEVLKKRKAPGTFTEQDLDERIRKQQEEEEELKRQRREKKKEKKKGKVVEEEPEMDPEVAEMMGFGGFGSSKKS,0.299856946,0.489361702,0.021276596,3.046808511,-1.237834944,3.593242492,0.042553191,0.212765957,0.223404255,0.031914894,0.825167879,11084.9,28.30369675
137,0.204776960046426,0.41793486,0.0792735285370804,Low,NKPEKDAEMDTDSSTPVVKTKVRGKKVKRRYKEEKEEIAGSIRWLAEVVMRSERARMETMKEIERMRAEAEAKRGELDLKRTEIMANT,0.171517886,0.477272727,0.045454545,3.325,-0.633191077,3.5261432,0.022727273,0.306818182,0.170454546,0.022727273,0.843253233,10309.6,28.21660536
138,0.242975511000539,0.43452853,0.0793375935504858,Medium,RKLLGEGIDACSIEELQQLENQLDRSLSRIRAKKYQLLREEIEKLKAEERNLVKENK,0.197063088,0.438596491,0.01754386,3.496491228,-0.842204796,3.124154089,0.01754386,0.315789474,0.210526316,0,0.798093467,6758,21.53201079
139,0.376783084775811,0.41025957,0.159347903661103,Medium,LSELWNIDPKRAKRILANRQSAARSKERKARYIQELERKVQSLQTEATTLSAQLTLYQRDTNGLANENTELKLRLQAMEQQAQLRNALNEALRKEVERMKMETGEISGNSDSFDM,0.166266419,0.32173913,0.026086957,3.544347826,-1.337957932,3.9686066,0.034782609,0.32173913,0.313043478,0.008695652,0.878950558,13296.2,31.35489079
140,0.0733548961704648,0.41111562,0.0376091113202467,Low,NTLKDILEEFMRQTVKMEKEWRDAWEMKEIEREKREKEWRRRMAELEEERAATERRWMEREEERRLREEARAQKRDSLIDALL,0.07970334,0.578313253,-0.024096386,2.878313253,-0.325180864,3.099947498,0.060240964,0.277108434,0.084337349,0,0.766100897,10616.8,25.95829674
141,0.628344834019396,0.40634254,0.0874611466948608,High,SEGGGGGTSGAARKREYSSDEEEENVNEELVDVSNDPKILNPKKNIAKKRKGGSNSSNSNNGVREVLEEFMRHQVRMESEWREGWEAREKERAEKEEEWRRKMEELEKERLAMERMWRDREEQRRSREEMRAEKRDSLINAL,0.167801574,0.478873239,-0.028169014,2.834507042,-0.817439972,3.782237394,0.042253521,0.211267606,0.253521127,0.014084507,0.84686417,16834.9,33.79480866
142,0.171597444250675,0.41296765,0.108292039674484,Low,PFRDELHINEDMDMHESAKLERQRREEARRSLRSGLTGLPQPKNEYQIVAQPPPEESEEPEEKIEEDMSDRIAREKAEEEARQQALLKKRSKVLQRDLPRPPAASLAVIRNSLLSADGDKSSVVPPTPIEVADKMVREELLQ,0.189862244,0.387323944,-0.049295775,3.458450704,-0.194689773,4.334825149,0.014084507,0.302816901,0.204225352,0.091549296,0.877186692,16259.2,37.95852707
143,-0.0258966667717463,0.41046768,0.0609157489866055,Low,MADRVKGPWSQEEDEQLRRMVEKYGPRNWSAISKSIPGRSGKSCRLRWCN,0.295544982,0.34,0.1,3.302,-0.150457687,2.970716225,0.08,0.2,0.28,0.06,0.904789579,5879.5,19.75030993
144,0.606144793724568,0.44934595,0.0614790970369477,High,VEKLTEENRRLEKEAAELRALKLSPRLYGQMSPPTTLLMCPSCERVAGPSSSNHNQRSVSL,0.092925072,0.262295082,0.032786885,3.849180328,-0.139699496,3.46526935,0.016393443,0.295081967,0.31147541,0.081967213,0.862757022,6802.7,23.60144666
145,0.47178501869821,0.43568325,0.0701481656308506,Medium,TPEEVKLKAQELRERARKKKEEEEKRMEREREKERIRIGKELLEAKRMEEVNERKRLMFLRKAEKEEEKRAREKIRQKLEEDKAERRRKLGLPPEDPATAAAKPSV,0.107447524,0.603773585,0.075471698,2.76509434,0.831307795,3.433397526,0.009433962,0.264150943,0.075471698,0.047169811,0.753524464,12882,32.48603397
146,0.0576370244790992,0.41825026,0.0529524167022658,Low,PLQEIFGVTKNNDHEKHDEEPDEESYRMAKRQRSMEYRMMMEKKRRKEIKDKVDIL,0.241027154,0.5,0,2.848214286,-1.915030726,2.92216511,0.053571429,0.232142857,0.178571429,0.035714286,0.880884157,6966.7,21.00586559
147,0.0837350243582574,0.44182852,0.0842984825792594,Low,KRKLSIPMTVARVVKYIPEQKQELQRLSRRKEELLKRISRKTHQEQLRNKAMMDSID,0.229559042,0.403508772,0.157894737,3.407017544,1.888023551,3.115775928,0.01754386,0.315789474,0.228070175,0.035087719,0.861522163,6928.3,22.68112787
148,0.0858350774932868,0.40267363,0.0539701618341612,Low,YTSVYNNSLEAEPSSNNDQDEDRINDKMKRRLAQNREAARKSRLRKKAHVQQLEESRLKLSQLEQELV,0.333661884,0.382352941,0.029411765,3.048529412,-1.771636374,3.082087368,0.029411765,0.264705882,0.308823529,0.014705882,0.84862089,8050.1,23.33791359
149,0.195839449436831,0.39488992,0.0732198102696588,Low,LQVVDSRMEEEEVDAAETIEEEEQREQRSYKEKVEILKRKKMELKAARLAKRSKTSEGSVKKPKKTEEESPSDEEDDEDSAVDWR,0.370213985,0.541176471,-0.094117647,2.928235294,-0.90083603,3.425153484,0.023529412,0.235294118,0.176470588,0.023529412,0.809845043,9981.7,26.76057107
150,0.375959847470343,0.4385169,0.0708626274427678,Medium,MMLTKSVVISRPAVRPVSTRRAVVVRASGQPAVDLNKKVQDAVKEAEDACAKGTSADCAV,0.205980532,0.266666667,0.066666667,4.498333333,-0.540013821,3.443845394,0,0.433333333,0.216666667,0.05,0.843765814,6280.9,23.3215981
151,0.566619138510271,0.4128196,0.054816970361617,High,MATIATGLNIATQRVFVTSENRPVCLAGPVHLNNSWNLGSRTTNRMMKLQPIKAAPEGGISDVVEKSIKEAQETCAGDPVSGECVAAWDEVEELSAAASHARDKKKADGSDPLEEYCKDNPETNECRTYDN,0.191009395,0.267175573,-0.053435115,3.908396947,-0.547213752,4.445779126,0.038167939,0.297709924,0.305343512,0.053435115,0.94495964,14161.5,35.37871329
152,0.295370264561298,0.46553236,0.0796460810844527,Medium,MSDQSQEPTMEEILASIRRIISEDDAPAEPAAEAAPPPPPEPEPEPVSFDDEVLELTDPIAPEPELPPLETVGDIDVYSPPEPESEPAYTPPPAAPVFDRDEVAEQLVGVSAASAAASAFGSLSSALLMPKDG,0.2132622,0.255639098,-0.195488722,4.145112782,13.18818637,5.036476759,0.037593985,0.338345865,0.180451128,0.187969925,0.816985684,13905.3,42.35261178
153,0.414587034839284,0.4202335,0.0903291208265435,Medium,CLRKKRKPQAEKVDVIAGSSKMKGFSSSESESSSESSSSDSEDSETEMAPKSKKKGHPGREQKKHHHHHHQQMQQAPAPVPQQPPPPPQQPPPPPPPQQQQQPPPPPPPPSMPQQAAPAMKSSPPPFIATQVPVLEPQLPGSVFDPIGHFTQPILHLPQPELPPHLPQPPEHSTPPHLNQHAVVSPPALHNALPQQPSRP,0.371219963,0.16,0.01,3.3515,-0.855454839,5.577558139,0.02,0.195,0.37,0.25,0.830207495,21718,47.48976404
154,0.940986389734348,0.3918507,0.119690399021033,High,SNRAAALPPKPARPPAVSPALTQTPLLPQPPMAQPPQVLLEDEEPPAPPLTSMQMQLYLQQLQKVQPPTPLLPSVKVQSQPPPPLPPPPHPSVQQQLQQQPPPPPPPQPQPPPQQQHQPPPRPVHLQPMQFSTHIQQPPPPQGQQPPHPPPGQQPPPPQPAKPQQVIQHHHSPRHHKSDPYSTGHLREAPSPLMIHSPQM,0.332013279,0.08,0.02,3.422,0.008849739,5.891521971,0.015,0.22,0.36,0.325,0.751287637,21964.9,46.00412471
155,0.656605856604915,0.42459574,0.0988369150950784,High,SQFQSLTHQSPPQQNVQPKKQELRAASVVQPQPLVVVKEEKIHSPIIRSEPFSPSLRPEPPKHPESIKAPVHLPQRPEMKPVDVGRPVIRPPEQNAPPPGAPDKDKQKQEPKTPVAPKKDLKIKNMGSWASLVQKHPTTPSSTAKSSSDSFEQFRRAAREKEEREKALKAQAEHAEKEKERLRQERMRSREDEDALEQAR,0.08769821,0.335,0.045,3.2215,0.844791376,4.969755968,0.025,0.235,0.265,0.14,0.878136822,22716.6,48.40061138
156,0.415878499172662,0.3802276,0.0803253242327562,Medium,RAHEEARRRQEQQQQQRQEQQQQQQQQAAAVAAAATPQAQSSQPQSMLDQQRELARKREQERRRREAMAATIDMNFQS,0.077090262,0.294871795,0.038461538,2.732051282,-0.142590253,3.12030278,0.012820513,0.269230769,0.397435897,0.025641026,0.727186251,9201.2,23.79677931
157,0.297124508016045,0.44441321,0.099877737732336,Medium,EHHSGSQGPLLTTGDLGKEKTQKRVKEGNGTSNSTLSGPGLDSKPGKRSRTPSNDGKSKDKPPKRKKADTEGKSPSHSSSNRPFTPPTSTGGSKSPGSAGRSQTPPGVATPPIPKITIQI,0.183088489,0.25,0.1,3.189166667,2.432414835,4.301757402,0.008333333,0.116666667,0.491666667,0.133333333,0.831358006,12359.8,36.86068353
158,0.178285058520795,0.44163257,0.0747177318871548,Low,PKGTVMVGKPSSHSQYTSSGSVSSSGSKSHHSHSSSSSSSASTSGKMKSSKSEGSSSSKLSSSMYSSQGSSGSSQSKNSSQSGGKPGSSPITKHGLSSGSSSTKMKPQGKPSSLMNPSLSKPNISPSHSRPPGGSDKLASPMKPVPGTPPSSKAKSPISSGSGGSHMSGTSSSSGMKSSSGLGSSGSLSQKTPPSSNSCT,0.158004843,0.115,0.095,3.603,6.44473639,5.136301961,0.01,0.125,0.65,0.095,0.708798379,19445.5,49.48030237
159,0.437461992918292,0.42605945,0.0874176677412545,Medium,ASSSSFSSSGSSMSSSQNQHGSSKGKSPSRNKKPSLTAVIDKLKHGVVTSGPGGEDPLDGQMGVSTNSSSHPMSSKHNMSGGEFQGKREKSDKDKSKVSTSGSSVDSSKKTSESKNVGSTGVAKIIISKHDGGSPSIKAKVTLQ,0.171889156,0.222222222,0.069444444,3.602777778,1.90301247,4.51060124,0.013888889,0.180555556,0.541666667,0.041666667,0.82004358,14654,38.72735596
160,0.289828795944255,0.43486187,0.0487220793134186,Medium,KPGESSGEGLRPQMASSKNYGSPLISGSTPKHERGSPSHSKSPAYTPQNLDSESESGSSIAEKSYQNSPSSDDGIRPLPEYSTEKHKKHKKEKKKVKDKDRDRDRDKDRDKKKSHSIKPESWSKSPISSDQSLSMTSNTILSADRPSRLSPDFMIGEEDDDLM,0.178046301,0.355828221,0.012269939,3.006134969,-1.573729891,4.464116501,0.036809816,0.147239264,0.374233129,0.085889571,0.863592001,18086.7,40.51528849
161,0.470886682583174,0.4231765,0.0531224762478251,Medium,TKGTDEVPVPPPVPPRRRPESAPAESSPSKIMSKHLDSPPAIPPRQPTSKAYSPRYSISDRTSISDPPESPPLLPPREPVRTPDVFSSSPLHLQPPPLGK,0.181320906,0.23,0.03,3.569,-0.117419525,4.509870059,0.03,0.2,0.27,0.27,0.81085495,10806.1,34.72733498
162,0.503916720730183,0.43015903,0.141373744980203,High,KVLQTRMARLIVEHSSTEGKLMKRIEMLEKHLSRYKALARRQKTMHGVSIDGGDISTDGVDERVRPPRLRQTKTIDLPTGTESESLLK,0.251130529,0.340909091,0.068181818,3.778409091,0.123821213,3.761353708,0.011363636,0.306818182,0.306818182,0.034090909,0.886941592,10018.2,28.49304921
163,1.81062352282112,0.41849792,0.144258996324496,High,EVDMRPSPKLAEEARRDAERYQKEHEMINRQAEATLQKKAEEYRHQTEAEAEKIRRELEKQHERDIQFRKDLIDQTIEKQKREVDLEAKMAKRELDREAQL,0.071853722,0.504950495,-0.02970297,2.882178218,-0.081211544,3.505367667,0.02970297,0.277227723,0.168316832,0.01980198,0.82957334,12309.5,29.92842103
164,0.638611716439951,0.42814115,0.0676570887620529,High,MASHGQSYRAGEATGRAEEKADQMMGKTRGATEAMKNKAQQAKDKTMETAQAAKEKTSEKAYEAKDKTSNMAQSAKGQAQQSKDQTGSFASDKAQAAKDKAYQAAQATKEKASDMTEYAKETAEAGKEKTGGILQRTGEQVKSMAQGAADAVKNTFGMGEPEEDDPIKTTRP,0.118814945,0.325581395,0.011627907,3.268604651,-0.608641721,4.537287676,0.034883721,0.273255814,0.348837209,0.01744186,0.833952044,18342.6,41.40195106
165,0.323921424307039,0.4165787,0.0361133465789485,Medium,MEKSKKEQMKELEKMRADFQRDLELQKKQIVDRAQSEIARLREEEENHHGGGDDDESEDEEMENDSDVNLSDE,0.260482572,0.520547945,-0.191780822,2.743835616,2.036160752,3.130141191,0.01369863,0.219178082,0.246575343,0,0.824984417,8648.4,25.26446644
166,0.364865830004333,0.4329582,0.093566311004846,Medium,ARIGSDPLAYEPKEDLPVITIDPASPQSPESVDLVNEELKGKVLGLSRDPAKVAEEDEDDDGGIMMRSKETSSPGTDDVFTPAPSDSPSSQRIQRCLSDPGPHPEPGEGEPFFPKGQ,0.270738661,0.307692308,-0.11965812,3.645299145,3.834095754,4.456338422,0.034188034,0.222222222,0.282051282,0.145299145,0.889403143,12479.2,35.88721603
167,0.555591164151308,0.43209475,0.124262374823398,High,CSVTELQEIDTQIEKSLRIVRSRKAELYADQLKKLKEKERELLNERKRLLEEVNMHHSSKGNTEGGHRTKHSSEVE,0.18790511,0.407894737,0.013157895,3.298684211,-0.693670507,3.380856555,0.013157895,0.25,0.315789474,0,0.862662023,8920.4,25.85347659
168,0.831669220034577,0.45617014,0.172740856212862,High,ARLHEALSQMWQLEAASRAAIENGSEEGLGDSAEVEEAPIEFPRDITMEETEPTRLNPNR,0.257063508,0.316666667,-0.15,3.695,1.377607155,3.409063478,0.033333333,0.316666667,0.266666667,0.066666667,0.860553631,6690,23.34305771
169,0.237251300803656,0.44476232,0.0953439584386239,Low,LRSRDNIYEYRDSPSTKTLASKAHTDTTSLRSPSSLAMTQKSSSQASLKS,0.139055539,0.24,0.08,3.518,0.485344153,3.121159889,0.04,0.22,0.46,0.04,0.796925754,5487,20.55005481
170,0.251058307873527,0.44181657,0.0739881085462836,Medium,YRGSSFLDPKGRGGSTGYDNAVALPAGGRGDEEELVKENVKNTAASVGEI,0.235471621,0.28,-0.04,3.836,-0.509239138,3.189473509,0.06,0.26,0.36,0.04,0.85457121,5138.3,19.91794312
171,0.26747400775875,0.4452853,0.0293384508539232,Medium,TSGQAESSSGNEGAAPAKGRGRGRPPAAAKGVAKGAAKGAAASKGAKSGAESSKGGEQSSGDIEMADASS,0.316711485,0.242857143,0.042857143,3.71,-1.168387937,3.511563031,0,0.285714286,0.428571429,0.042857143,0.72212983,6419.4,24.79438417
172,0.193937473958749,0.45439577,0.118394149312644,Low,KGGSDQRDSAATVGEGGASGSEGGAKKGRGRGAGKKADAGDTSAEPPRRSSRLTSSGTGAGSAPAAAKGGAKRAASSSSTPSNAKKQATGGAGKAAATKATAAKSAASKAPQNGAGAKKKGGKAGGRKRK,0.255358405,0.269230769,0.161538462,3.493846154,8.823391407,4.157283063,0,0.253846154,0.438461539,0.038461538,0.706770624,12052.2,37.20708846
173,0.330641119708193,0.4341988,0.0680209530389754,Medium,MSDAGRKGFGEKASEALKPDSQKSYAEQGKEYITDKADKVAGKVQPEDNKGVFQGVHDSAEKGKDNAEGQGESLADQARDYMGAAKSKLNDAVEYVSGRVHGEEDPTKK,0.126990125,0.366972477,-0.036697248,3.290825688,-0.110470701,4.018112871,0.055045872,0.23853211,0.311926606,0.027522936,0.875902381,11691.7,31.24516932
174,0.355592369633142,0.44441366,0.0371186161336,Medium,LVSTLGEKSGKGLKTCKSPGRKSKESSPKGRSSSASSPPKKEHHHHHHHSESPKAPVPLLPPLPPPPPEPESSEDPTSPPEPQDLSSSVCKEEKMPRGGSLESDGCPKEPAKTQPAVATAATAAEKYKHRGEGERKDIVSSSMPRPNREEPVDSRTPVTERVS,0.152427383,0.300613497,0.018404908,3.258895706,-1.222053771,4.78170062,0.006134969,0.171779141,0.337423313,0.165644172,0.84610799,17415.4,43.35884984
175,0.386208935573673,0.37396663,0.0903122606511877,Medium,HQQQQLQQQQHHLQQQQHQQQQQSLSQQPQQQQSQQSQAHSQQHQQQHQQQQQQQQPQQQQPQQHPPQQPQQQNSQQAIVGQSQQQVTSGQQK,0.233,0.010752688,0.010752688,2.074193548,0,3.68334265,0,0.086021505,0.838709677,0.064516129,0.482944074,11078.4,24.4543901
176,-0.0376507208852676,0.4066546,0.0823723008296127,Low,MEELSSVGEQVFAAECILSKRLRKGKLEYLVKWRGWSSKHNSWEPEENILDPRLLLAFQKKEHEKEVQNRKRGKRPRGRPRKLTAMSSCS,0.347552955,0.366666667,0.1,3.475555556,0.041692379,3.773715059,0.066666667,0.244444444,0.255555556,0.044444444,0.908331974,10599.8,27.55096443
177,0.707515509917455,0.43071213,0.0884835479895514,High,KVRTQKGELGMSPPGSKIPKAPSGGAVEQKVGNTGGPPHTHGASRVPAGCPGPQPAPTQELSLQVLDLQSVKNGMPGVGLLARHATATKGVPATNPAPGKGTGSGLIGASGATMPTDTSKSEKLASRAVAPPTPASKRDCVKGSATPSGQESRTAPGEARKAATLPEMSAGEESSSSDSDPDSASPPSTGQNPSVSVQTS,0.186730534,0.175,0.025,3.8805,-0.777384576,5.257018358,0,0.255,0.43,0.13,0.857393108,19636,48.35882194
178,-0.0643155182905735,0.41238612,0.0992159926429064,Low,RGGGFGGRGGFGDRGGRGGRGGFGGGRGRGGGFRGRGRGGGGGGGGGGGGGRGGGGFHSGGNRGRGRGGKRGN,0.197273463,0.232876712,0.205479452,3.257534247,7.010638966,3.053751029,0.068493151,0,0.698630137,0,0.375842267,6476.5,21.9281648
179,0.327451648616171,0.37520254,0.100727251181126,Medium,EEDAESEDEEEEDVKLLSISGKRSAPGGGSKVPQKKVKLAADEDDDDDDEEDDDEDDDDDDFDDEEAEEKAPVKKSIRDTPAKNAQKSNQNGKDSKPSSTPRSKGQESFKKQEKTPKTPKG,0.557642698,0.520661157,-0.157024793,2.6,-1.765283469,3.86444552,0.016528926,0.140495868,0.256198347,0.066115702,0.804710319,13325.5,30.55963778
180,0.795408261184439,0.39120743,0.105015378877847,High,MDPGQQPPPQPAPQGQGQPPSQPPQGQGPPSGPGQPAPAATQAAPQAPPAGHQIVHVRGDSETDLEALFNAVMNPKTANVPQTVPMRLRKLPDSFFKPPEPKSHSRQASTDAGTAGALTPQHVRAHSSPASLQLGAVSPGTLTPTGVVSGPAATPTAQHLRQSSFEIPDDVPLPAGWEMAKTSSGQRYFLNHIDQTTTWQ,0.253496446,0.125,-0.005,3.8105,-0.367619035,5.446277429,0.04,0.255,0.41,0.17,0.883866401,20835.7,45.68275331
181,0.99110841979093,0.42269945,0.0851259069370879,High,DPRKAMLSQMNVTAPTSPPVQQNMMNSASAMNQRISQSAPVKQPPPLAPQSPQGGVMGGSNSNQQQQMRLQQLQMEKERLRLKQQELLRQVRPQELALRSQLPTLEQDGGTQNPVSSPGMSQE,0.17017743,0.162601626,0.032520325,3.540650407,-0.133890212,4.427877103,0,0.284552846,0.43902439,0.113821138,0.837016885,13561,35.18423673
182,0.467460073230546,0.43782148,0.0910618923378441,Medium,ISSTTLAAPSTTQSIAVPASNSTPVQEQPTAQSDTYGQAASTLVSGSSIEQMVQQIMEMGGGSWDKETVTRALRAAYNNPE,0.194374412,0.12345679,-0.049382716,4.10617284,0.261853898,4.051317072,0.037037037,0.308641975,0.469135803,0.061728395,0.872285906,8431.5,26.62142229
183,0.447856223252998,0.44211408,0.0486921603182137,Medium,LNEPVQEAGGQGGGGGGGSGGIAEAGSGHMNYIQVTPQEKEAIERLKALG,0.148634389,0.18,-0.06,3.986,0.134444579,3.33180217,0.02,0.28,0.48,0.04,0.806402357,4876.6,19.48812281
184,0.892047221109758,0.42731535,0.0728930747298065,High,MQSMKETASNIAASAKSGMDKTKATLGEKAEKMTTRDPLQKEMATQKKEERINEAEMQKREAREHNAAMKEASGAGTGTGLGLGSATHSTTGQVGHGTGTHQMSALPGHGTGQPTGHVVDGTAATEPIGTNTGTGRTTAHNTRVGGGTTGYGTGGGYTG,0.068169281,0.201257862,0.012578616,3.64591195,-0.088222597,4.607211098,0.012578616,0.238993711,0.522012579,0.025157233,0.849567292,16111.8,39.28513125
185,0.891260660268789,0.4287082,0.0989694252297816,High,MQSMKETASNIAASARAGMEKTKATVEEKAEKMKTRDPVQKEMATQKKEDRINQAELEKREAREHNAAAKEAAGAGLGTPGYTAKGSGGLGSATHSTTGRIGHGTGAHQMSALPGHGAGQPTGDVVEGTETAAPIGTNTGTGRTTAHNTRAGGGTTGFTTGGGYSG,0.084820457,0.222891566,0.018072289,3.679518072,-0.060059141,4.636858088,0.018072289,0.259036145,0.469879518,0.030120482,0.853609396,16722.5,40.25174387
186,0.711409025420825,0.42126787,0.057974402791406,High,MEAMKETAANVGASAISGKEKTKAVVQEKMERMTAHDPMEKEMATKKKEERINQAELNKQEAKEQNAAARQGASTTGTDKPHSYSTTGRTGNPTGAHQMSALPGHGTGAPTGQVTEGVVESRPIGTATGTKRTTVAHNTHAEREVNKGYGTGGAYN,0.083103955,0.25,0.019230769,3.5,-0.013332828,4.526590328,0.019230769,0.262820513,0.42948718,0.038461538,0.872931461,16436.5,39.2602518
187,0.566275132808246,0.414604,0.152058788666544,High,MQAMKETASNFAASAKSGMEKTKAVAQEKMERMTADNPTEKEMATEKKKERINEAEMNKQEARDKNAAARQGYSTTGTEKTHSYSTTGATGHPTGAHQMSALPGHGSGEPAGQVVEGVVQSHPIGTATGTQRSSAAHNTHGGGGVNTGYGTGGSYS,0.073749702,0.211538462,0.006410256,3.527564103,-0.150378994,4.557920484,0.032051282,0.243589744,0.480769231,0.032051282,0.87341498,16173.4,38.49116621
188,0.48417599769216,0.40525997,0.0881896795668992,Medium,MQGAKKAGEAMKETAANVGASAKSGMEKTKATVQEKTDRMRARDPLQKEMATQKKDERMNQAELDKQAAREHNAAAKQSATAGHMGQGHYTTGTGTGTATYSTTGEYGQPMGVHQTSAVPGHGTGQPTGHVTEGVVGSQPIGTNRDPGGTATAHNTRVGGNPNEYGYGTGGTYS,0.081976162,0.201149425,0.017241379,3.492528736,-0.265745727,4.703759867,0.034482759,0.235632184,0.488505747,0.040229885,0.868133648,17980.9,40.39931952
189,0.807652279086512,0.42761755,0.109662290806155,High,MQSMKETASNIAASAKSGMDKTKATLEEKAEKMKTRDPVQKQMATQVKEDKINQAEMQKRETREYNAAMKEAAGAGTGLGLGTATHSTTGQVGHGTGTHQMSALPGHGTGQLTDRVVEGTAVTDPIGRNTGTGLTTTAHNTHVGPGPYGTGGGYSG,0.054940628,0.205128205,0.012820513,3.715384615,-0.16112297,4.659420795,0.019230769,0.262820513,0.480769231,0.032051282,0.877930021,16097.8,39.04982521
190,0.654070032276069,0.42751932,0.108736031405951,High,MQSMKETASNIAASAKSGMDRTKATLEEKAEKMTTRDPVQKQMATQNKEGKINQAEMQKREAREHNAVMKEASGAGTGTGLGLGSATHSTTGHVGHGTGTHQMSALPGHGTGQPTGHVVEGTAVTKPIGTNTGTGRTTAHNTHVGGGTTGYGTGGGYTG,0.063499428,0.176100629,0.025157233,3.688679245,0.229609581,4.651894079,0.012578616,0.238993711,0.547169811,0.025157233,0.852980639,16141.9,39.22941468
191,0.685508333261359,0.4269551,0.108939067158225,High,MQSMNETASNIAASAKSGMDKTKATLEEKAEKMTTRDPIQKEMATQKKEGRINQAEMQKREAREHNAAMKEASGAGTGTGLGLGTATHSTTGHVGHGTGTHQMSALPGHGTGEPTGHVVDGTAVTEPIGTNTGTGRTTAHNTRVGGGTTGYGTGGGYTG,0.077662062,0.194968554,0.006289308,3.670440252,-0.227514556,4.6165242,0.012578616,0.238993711,0.528301887,0.025157233,0.851282599,16149.7,39.20918198
192,0.752538145370095,0.42753017,0.0989477611462145,High,MQSMKETASNIAASAKSGMDKTKATLEEKAEKMTTRDPLQKEMATQKKEGRINEAEMQKREAREHNAVMKEASGAGTGTGLGMGTATHSTTGHVGHGTGTHQMSALPGHGTGQPAGHVVDGTAVTEPIGTNTGTGRTTAHNTRVGGGTTGYGTGGGYTG,0.071675895,0.201257862,0.012578616,3.682389937,-0.07610631,4.623370047,0.012578616,0.245283019,0.51572327,0.025157233,0.851435826,16179.8,39.3246797
193,0.979530374746266,0.4250923,0.0688089969317482,High,MQSAKEAVSNIAASAKSGMDKTKATLEEKAEKMKTRDPVQKEMATQRKEGKINQAEMQKRETQEYNAAMKQAAGGGTGTGVGLGTATHSTTGQVGHGTGTHQMSALPGHGTGHPTGHVVEGTAVTEPIGTNTGTGRTTAHNTRVGGGGTTGYGTRGGYTG,0.086392924,0.19375,0.03125,3.660625,0.343665413,4.645218487,0.01875,0.2375,0.525,0.025,0.848338821,16268,39.1432286
194,0.363120973932098,0.40722385,0.109771345116202,Medium,MQSIKETAANIAASARSGLEKTKATLEEKVERATAHDPVQKDMATQKKEERIRQAELEKQEARENNAAARQGGGDGGFTAKGSGGHMASGTHTYSTTGQMGQPTGAQQMSALPGHGTGQPTAQVDDGRVQAYPVGVNTGVGGSKSHNTRVEGNPHAYGTGGTYS,0.073162381,0.213414634,0.006097561,3.570121951,-0.130435065,4.593943458,0.030487805,0.25,0.469512195,0.036585366,0.892709726,16978.8,38.79668862
195,0.251274395958257,0.41878316,0.0897950838085048,Low,MQLITAKAHQAKAIRVKLKLIKLLKKEKEREKMQGAKNTGQSIKEKAANVGASAQAGLEKTKATVQEKAEKMSTRDPVQKQMATQKKEHKTNQAEMEKQAAYNQNAAHKEAARAEDIAPGYYGTATHSTTGQHGHPTGGHQMSALPGHGTGQPTGQVTEGVIGSHPIGTNTGTTQTSTTTTARNTRAGVNPNDPRYGHGTGGSY,0.111011412,0.220588235,0.06372549,3.501470588,2.030583301,4.94972083,0.024509804,0.259803922,0.455882353,0.039215686,0.885567278,21672.5,45.46407814
196,0.430620744586735,0.40757,0.0927972295125949,Medium,MQAIKEKAANVAASAKSGMEKTKATMQEKVDRAAANNPTEKEMATERKEQKVNQAEFDKRAAQEHNAAARNATKNTGQPHTYSTTGAPGHPTGTHQQSALPGHGTGQPTGQVTEGVVESHHIGTATGTGRTNAAHNTHVGAATNIGGSYT,0.086141005,0.193333333,0.02,3.528666667,-0.052355619,4.500517633,0.02,0.266666667,0.48,0.04,0.866706982,15580.6,37.7280921
197,0.540741554402093,0.41323906,0.0649082077538103,Medium,MQAGKNVAESMKESAANVAASAKSGMEKTKATVQEKVEKMKAHDPTEKEMAAEKKEQRKAEAELNKREAREHNAAVREASKTGVNAGGHTGYSTTGVETATYSTTGIEGQPTGAHQMSALPGYGTGQPAGQVTEGTVGSHPIGTGTGTGRTTAHNTRVEGTGTPGYGTGGSYS,0.06704108,0.225433526,0.005780347,3.612716763,-0.224867947,4.732705483,0.028901734,0.248554913,0.462427746,0.034682081,0.852559941,17726.1,41.14531118
198,0.424308704085611,0.4153226,0.0481728730269985,Medium,MQAIKEKAANVAASAKSGMEKTKATMQEKVDRATANNPTEKEMATERKEQRVNQAEFDKRAAQEHNAAARNATKNTGQPHTYPTTGAPGHPTGTHQQSALPGHGTGQVTEGVVESHPIGTAAGTGRTSAAHNTHVGAATNIGGSYTQD,0.090415046,0.202702703,0.013513514,3.52972973,-0.279980829,4.484127684,0.02027027,0.27027027,0.45945946,0.047297297,0.873932464,15411.3,37.46319155
199,0.766137463683798,0.41158673,0.101508701470033,High,MQTAKNAAASVKETAANVAASAKSGMEKTKATLQEKGERMTAHDPTQKEMATEKKEARKDQAEYEKQVERDQNAVQRQAVEATGTHSYSTTGATGHPMGSHQMSALPGHGTGQPAGDVVEGVVGSHPIGRNTGTGQSVAGNNPRTGGGAGGYGTGGAYR,0.085988451,0.213836478,0.012578616,3.583647799,-0.141890504,4.572308637,0.025157233,0.264150943,0.459119497,0.037735849,0.871108792,16308.7,38.91036342
200,0.52194052286573,0.40973786,0.0633687858193146,Medium,MQAIKEKAANVAASAKSGMEKTKATMQEKVDRATANNPTEKEMATERKEQRVNQAEFDKRAAQEHNAAARNATKNTGQPHTYSTTGAPGHPTGTHQQSALPGQPTGQVTEGVVESHPIGTAAGTGRTNAAHNTHVGAATNIGGSYT,0.086110048,0.198630137,0.020547945,3.54109589,-0.046452145,4.464792965,0.020547945,0.273972603,0.45890411,0.047945205,0.870736388,15216,37.32412842
