,sequence,kappa,FCR,NCPR,hydropathy,SCD,SHD,aromatic,aliphatic,polar,proline,complex,MW,rg,re
0,SNRQLERSGRFGGNPGGFGNQGGFGNSRGGGAGLGNNQGSNMGGGMNFGAFSINPAMMAAAQAALQSSWGMMGMLASQQNQSGPSGNNQNQGNMQREPNQAFGSGNNSYSGSNSGAAIGWGSASNAGSGSGFNGGFGSSMDSKSSGWGM,0.12575200572609901,0.060402684563758385,0.020134228187919462,3.8093959731543627,0.07023066503021658,4.631447761328143,0.08053691275167785,0.20134228187919465,0.6308724832214765,0.026845637583892617,0.7606766443332623,14651.500000000033,31.80319968638417,0.40159333
1,MASNDYTQQATQSYGAYPTQPGQGYSQQSSQPYGQQSYSGYSQSTDTSGYGQSSYSSYGQSQNTGYGTQSTPQGYGSTGGYGSSQSSQSSYGQQSSYPGYGQQPAPSSTSGSYGSSSQSSSYGQPQSGSYSQQPSYGGQQQSYGQQQSYNPPQGYGQQNQYNSSSGGGGGGGGGGNYGQDQSSMSSGGGSGGGYGNQDQS,-1.0,0.02,-0.02,3.063,0.30835815189026533,5.034737719682524,0.13,0.03,0.765,0.055,0.6347276597580405,20326.89999999999,32.389998065780944,0.31970716
2,GNPIKVSFATRRADFNRGGGNGRGGRGRGGPMGRGGYGGGGSGGGGRGGFPSGGGGGGGQQRAGDWKCPNPTCENMNFSWRNECNQCKAPKPDGPGGGPGGSHMGGNYGDDRRGGRGGYDRGGYRGRGGDRGGFRGGRGGGDRGGFGPGKMDSRGEHRQDRRERPY,0.10165564343333244,0.26506024096385544,0.09638554216867473,3.059638554216867,5.3361879507581325,4.173409650068913,0.0783132530120482,0.060240963855421686,0.5060240963855422,0.06626506024096386,0.7615186356987185,16827.40000000003,34.31879147161161,0.3798043
3,MSRAALPSLENLEDDDEFEDFATENWPMKDTELDTGDDTLWENNWDDEDIGDDDFSVQLQAELKKKGVAAN,0.4081902801990509,0.39436619718309857,-0.2535211267605634,3.445070422535211,6.714073403006534,3.5834274739182463,0.08450704225352113,0.2535211267605634,0.23943661971830987,0.028169014084507043,0.8636250518286556,8104.400000000009,25.40192143581087,0.4265991
4,RDEISLDSAKKAACEFSETDVTNTEHHQPSNNDLNTTEKRAAERHPEKYQGSSVSNLHVEPCGTNTHASSLQHENSSLLLTKDRMNVEKAEFCNKSKQPG,0.12901350855827332,0.28,-0.04000000000000001,3.315,-0.23072771855240037,3.878125970525106,0.03,0.20000000000000004,0.42000000000000004,0.04,0.918226375002366,11131.700000000023,29.365735054016113,0.4140254
5,HNSKAPKKNRLRRKSSTRHIHALELVVSRNLSPPNCTELQIDSCSSSEEIKKKKYNQMPVRHSRNLQLMEGKEPATGAKKSNKPNEQTSKRHDSDTFPEL,0.3005289137363434,0.32,0.10000000000000002,3.1489999999999996,1.323120894993171,3.84339543925023,0.02,0.19999999999999998,0.37,0.07,0.9094060562020531,11453.70000000002,30.71427345275879,0.43721682
6,MEEPQSDPSVEPPLSQETFSDLWKLLPENNVLSPLPSQAMDDLMLSPDDIEQWFTEDPGPDEAPRMPEAAPPVAPAPAAPTPAAPAPAPSWPLSSSVPSQKT,0.2336488515138626,0.19607843137254904,-0.13725490196078433,3.9284313725490194,3.62371787311625,4.767667165531799,0.049019607843137254,0.2941176470588235,0.23529411764705882,0.22549019607843138,0.8236229200968901,10872.90000000002,34.115711325319396,0.43780226
7,KKPLDGEYFTLQIRGRERFEMFRELNEALELKDAQAGKEPGGSRAHSSHLKSKKGQSTSRHKKLMFKTEGPDSD,0.21361064910888672,0.3783783783783784,0.05405405405405406,3.2175675675675675,-0.4110747442209383,3.5046518573969894,0.06756756756756757,0.1891891891891892,0.32432432432432434,0.04054054054054054,0.8842290065124538,8442.100000000008,24.769980558956348,0.42520222
8,NTAGTSLPSVDLLQKLRLTPQHDQIQTQPLGKGAMVASFSPAAGQLATPESFIEPPSKTAAARVAASASLSNMVLAPLQSMQQNQDPEVFVQPKVLSSAIPVAGAPLVTATTTAVSSVLLAPSVFQQTVTRSSDLERKASSPSPLTIGTPESQRKPSIILSKSQLQDTLIHLIKNDSSFLSTLHEVYLQVLTKNKDNHNL,0.17926038056612015,0.14,0.010000000000000009,4.4075,-0.12391947396606862,5.503618247030001,0.030000000000000002,0.355,0.39,0.085,0.8876528713038971,21163.800000000014,47.23915887439972,0.42804337
9,MGDEDWEAEINPHMSSYVPIFEKDRYSGENGDNFNRTPASSSEMDDGPSRRDHFMKSGFASGRNFGNRDAGECNKRDNTSTMGGFGVGKSFGNRGFSNSRFEDGDSSGFWRESSNDCEDNPTRNRGFSKRGGYRDGNNSEASGPYRRGGRGSFRGCRGGFGLGSPNNDLDPDECMQRTGGLFGSRRPVLSGTGNGDTSQS,0.2561066895723343,0.28500000000000003,-0.014999999999999986,3.2269999999999994,-1.3931598051214542,4.467334978846293,0.1,0.09999999999999999,0.45,0.045,0.8778753550824947,21759.699999999983,36.24036893009006,0.35390514
10,GVDPALSDPVLARRLRENRSLAMSRLDEVISKYAMLQDKSEEGERKKRRARLQGTSSHSADTPEASLDSGEGPS,0.25832805037498474,0.35135135135135137,0.0,3.5364864864864862,-0.9642720583641289,3.388351416791394,0.013513513513513514,0.28378378378378377,0.2972972972972973,0.05405405405405406,0.8621627621665281,8104.200000000006,24.940209754828782,0.41652507
11,GPTQAAPGVRVEEEEWAREIGAQLRRMADDLNAQYERRRQEEQHRHRPSPWRVM,0.1981731429696083,0.37037037037037035,0.0,3.0129629629629626,-0.9791107162927701,2.8358558964297678,0.05555555555555555,0.25925925925925924,0.24074074074074073,0.07407407407407407,0.852309300804934,6479.899999999998,19.20522519728926,0.38812047
12,MKHPYEEFPTGSKSPYNMSRGAHPGAVLLSPQSSAINKNNPGSNSGNNQGNSSVTANVLSPQSHSMSLNDMLDQQSFMLDTAGTRAQPLQQQQQQQQQQQQASLPSLNIQTVSSTAAGSAIVSPMMQSPKALQSTLSSTSMYLDSFQRSPNNILGIPSQSGSIPLPQSRQSQQQSQSQKNDPNMGTNFSQDINQLCSWIS,0.22852236032485962,0.08499999999999999,0.0049999999999999975,3.7325,-0.17462413348330297,5.176764223553122,0.04,0.24,0.55,0.08,0.8721278698585595,21502.50000000001,43.72053091234167,0.41534665
13,DGAGEGPAQSLTEQMKKIALESVGQPEELMESDNCSGGDDDWTHLSSKEVDPSTGELQSLQMPESEGPSSLDPSQEGPTGLKEAALYPHLPPEADPRLIE,0.16817393153905869,0.27,-0.17000000000000004,3.6400000000000006,7.078990987337412,4.289031200277154,0.02,0.23999999999999996,0.35,0.11,0.8722076760976862,10593.20000000002,32.961575984954834,0.4408414
14,KVPAQESQDVSGSRPAAPLIGAPANSEDTHLVDPKTDPSDSQTGLAEQCAGIRKRPATDDSSTQNKRANRTEENVSDGSPN,0.29433462023735046,0.2716049382716049,-0.04938271604938271,3.3530864197530867,-0.12625553582862653,3.645465681217695,0.0,0.2222222222222222,0.3950617283950617,0.09876543209876543,0.8782842156874324,8469.200000000008,27.29948902130127,0.4375178
15,PPETWLQNERELKRERRKQSNRESARRSRLRKQAETEELARKVEALTAENMALRSELNQLNEKSDKLRGANATLLDKLKCSEPEKRVPANMLSRVKNSGAGDKNKNQ,0.14625681191682816,0.40186915887850466,0.08411214953271026,3.0682242990654207,1.5371573649208008,3.643818731018237,0.009345794392523364,0.2616822429906542,0.2803738317757009,0.037383177570093455,0.8418121051558233,12357.500000000025,31.844173028675076,0.42645493
16,RTYMDVMREQHLTKEEREIRQQLAEKAKAGELKVVNGAAASQPPSKRKRRWDQTADQTPGATPKKLSSWDQAETPGHTPSLRWDETPGRAKGSETPGATP,0.18849251419305801,0.32,0.03999999999999998,3.1770000000000005,-0.2591087708863612,3.9293208409093103,0.04,0.22,0.33,0.09,0.8964829626935966,11145.900000000021,30.012714862823486,0.41536027
17,MPLPVALQTRLAKRGILKHLEPEPEEEIIAEDYDDDPVDYEATRLEGLPP,0.4847671240568161,0.36,-0.16,3.8620000000000005,-0.277985682818422,3.3930745465433643,0.04,0.34,0.12,0.14,0.8318991947775626,5678.000000000002,21.25102095982828,0.44624805
18,PNSVVTKSAKKLRSSNADAEEKLDRSHDKSDRGHDKSDRSHEKLDRGHDKSDRGHDKSDRDRERGYDKVDRERERDRERDRDRGYDKADREEGKERRHHRREELAPYPKSKKAVSRKDEELDPMDPSSYSDAPRGTWSTGLPKRNEAKTGADTTAAGPLFQQRPYPSPGAVLRANAEASRTKQQD,0.09375574439764023,0.4702702702702703,0.02702702702702703,2.5805405405405404,0.190649390680732,3.9906988492279702,0.03783783783783784,0.15675675675675677,0.2756756756756757,0.05945945945945946,0.8652604972552974,21255.79999999998,42.479716246212526,0.4142517
19,MSDEAKEKRELESQKESSHNKSEKSVEPKPKRRRRRNYDDYDAEVAKEETKAKNGLTKSENNGTVEDSESDMDDAKLDALMGNEGEEEEDDLAEIDTSNIITSGRRTRGKVIDYKKTAEELDKKEPSTGSKDDVGYGEKEEDDEDEEDDDFKE,0.3196420520544052,0.5228758169934641,-0.1437908496732026,2.7150326797385618,6.520314617249945,4.02898995563507,0.032679738562091505,0.16993464052287582,0.25490196078431376,0.0196078431372549,0.8461301517877086,17458.2,37.48297269618935,0.39629382
20,MNIVPQDTFKSQVSTDQDKSVLSSAVPSLPDTLRQQEGGAVPLSTQLNDRHPLESTLKNWETTQRQRQMEQYRQIFGIAEPMKRTMEMEIVNRTDFNPLSTNGSIHRDILLNKECSIDWEDVYPGTGLQASTMVGDDVHSKIEKQLGI,0.12971962988376617,0.24324324324324326,-0.04054054054054053,3.8094594594594597,0.4799243036903123,4.641375231379982,0.0472972972972973,0.2702702702702703,0.3783783783783784,0.05405405405405406,0.9506742448455482,16750.400000000023,36.54325272228237,0.4040511
21,LNMEDLMEGNHHLLSDSSEAGSSSEGEHISSIPTRGEIAKLKAQKSLSRRKISESDVTTERDYVKLLDSEDKREIMETIRLNGGLKRNNEKEITNFSDDE,0.2164495810866356,0.37000000000000005,-0.07,3.48,0.6088968816060689,3.8171117321756913,0.02,0.25,0.35000000000000003,0.01,0.8754508867470164,11284.10000000002,30.14610767364502,0.42904586
22,MQGFQDEMLALTDNQIAIQKDSKRKIIEKAINEVPYRTNEEWETQLLSKGNINKSNEKIITPLPVLFPDDDESGNSIERINEMVSKICLQRKKVEMRLQALEKTKIDLEKSKASLINKLIGN,0.18866624683141708,0.32786885245901637,0.0,3.8401639344262297,-1.0838767390614017,4.400266040543151,0.03278688524590164,0.31967213114754095,0.2786885245901639,0.03278688524590164,0.904967965037288,14018.400000000036,34.3317344069794,0.42385352
23,MKLPVAQYSAPDGVEKSFAPIRDDPRYMTTEGRTTGPSDHVLNAGQIDRDKPSEPERTKDGSQLTYLGQLRTQLTGLQDDINEFLTGRMELAKNKKKAGADEKRIQEEINQLLDGGDGDEDAV,0.18584547191858292,0.33333333333333337,-0.05691056910569106,3.4943089430894307,0.4778568318303203,4.227807299112232,0.04065040650406504,0.25203252032520324,0.31707317073170727,0.056910569105691054,0.9159088622983861,13596.300000000034,34.276057957560276,0.42412254
24,NAGTEKEKESKKDSKPAFSFGISNGSESKDSDKPSLPSAVDGENDKKEATKPAFSFGINTNTTKTADTKAPTFTFGSSALADNKEDVKKPFSFGTSQPNN,0.06399094127118587,0.30000000000000004,-2.7755575615628914e-17,3.389,-0.23462492288424655,4.159269672270764,0.08,0.15,0.4,0.07,0.818561123744689,10582.800000000021,30.773186683654785,0.43200594
25,MSENIGHININANLQNVDRRDAAAIQSVERKLLGYNPPGGLASEAQSAAALNEGIGQPMNRGISTDIPAPADIDVDRGTASKDFGHVRFDVDLNQVRPEEAAALQAAESKIEGLAPSITVGGIGSAAQSMAAFNEREQSETGPFHPGIKATEPLPGPTYYQGVELSPSALPTYAPDVSVFPPSLSTNTSNVGAVPPSITT,0.10628974437713623,0.175,-0.05500000000000001,4.2044999999999995,1.8881314298068383,5.31042393964675,0.045,0.33,0.355,0.095,0.9134118074137508,20735.099999999977,45.69850274344522,0.41193962
26,MSESGQEQNRGTNTSPNNAENNNNSNAASGPLNGGAEQTRNITVSIQYSYFTPERLAHLSNISNNDNNENNSAASGSTIANGTGPSFGIGNGGHQPDGALVLSFRDVPASTPQDRLNSFISVAAQLAMERFNRLLNRPKGISKDEFDKLPVLQVSDLPKAEGPL,0.12523499503731728,0.17073170731707318,-0.02439024390243902,3.7829268292682925,0.05097255548143347,4.754550241896841,0.04878048780487805,0.25609756097560976,0.45731707317073167,0.06707317073170732,0.9014838655763273,17373.600000000017,37.82290416228753,0.4044296
27,QKISESVGVQRAAQQDTDEVAANEAAFERIRRVLYDPTAVNSTNENSSAPSENTSNTTVPTIGNASSGEQMLSRTGFFLVPQNGQPLHNPVRLPPNDSDRNGVNGPSSTTQNPPSNSGGSNNNQSPRWVP,0.21947582811117172,0.16153846153846155,-0.023076923076923078,3.559230769230769,-0.27291590052288134,4.401484876204966,0.038461538461538464,0.2153846153846154,0.48461538461538467,0.1,0.8853265246618587,13827.30000000004,34.96095615752847,0.41796517
28,MSVYFPIHCSDYLRSAEMTEVMMNAPSMEEIGLSPRKDGLSYQIFPDPSDFDRCCKLKDRLPSIVVEPTEGEVESGELRWPPEEFLVQEDEQDNCEETTNEKKDQ,0.21240941435098648,0.3333333333333333,-0.14285714285714288,3.700952380952381,4.844833132631131,4.240689336833123,0.0761904761904762,0.22857142857142856,0.2380952380952381,0.08571428571428572,0.9385313994320571,12132.80000000002,33.07171560799703,0.4124822
29,TPVTIENFLSWKAKFDAELLEIKKKRMKEEEQAGKNKLSGKQLFETDHNLDTSDIQFLEDAGNNVEVDESLFQEMDDLELEDGEDDPDYNPVAPGSDSSD,0.324846550822258,0.38,-0.18000000000000005,3.503,4.526479158421942,4.071173832850699,0.07,0.24000000000000002,0.27,0.04,0.8960954423835562,11330.700000000019,30.903701782226562,0.41460562
30,SHRPIKGILKNKTSAASPPVVPSAEQPRPIVEEELSKKSQKWDEMNILAT,0.3230259120464325,0.28,0.039999999999999994,3.7680000000000007,-0.7337431467581691,3.4287907835438465,0.02,0.3,0.28,0.12,0.881754924254276,5534.999999999999,21.443045373391797,0.46361908
31,YHPADKDYGLMKIDEPNTPYHNMIGDDEDAYSDSEGNEVMTPDILAKKLAAAEGSEPKYRTREQESSGEEDNDLSPEEREKKRQFEMKRKLHYNEGLNIKLARQLISKDLHDDDEDEEMAETADGDSMNVEESSQGSTTSDHLQHKSQSS,0.29314902424812317,0.38,-0.14,3.0833333333333335,8.386739927195595,4.308429004505766,0.04666666666666667,0.21333333333333332,0.32,0.04,0.9067317640039263,17059.800000000014,37.196388705871044,0.4137729
32,METLKSKTKTRVLPSWMTAPVDERKVVSVKTATRKQTAAWAQRVGAATRAPATETVYCMNEAEMVDVALGILIEGRKQEKPWEQRSLEATDKLQLSPPCSSSPGSSSEEEDSRISSLAPGLSPPRGPEASDSPCSRSPEEEKEEEDALKY,0.20598844438791275,0.30666666666666664,-0.026666666666666672,3.724,-2.388466888157622,4.637400063286995,0.03333333333333333,0.2733333333333333,0.28,0.08666666666666667,0.8919217450921887,16400.10000000002,38.82653913158451,0.41451615
33,MLWQKSTAPEQAPAPPRPYQGVRVKEPVKELLRRKRGHTSVGAAGPPTAVVLPHQPLATYSTVGP,0.29137884080410004,0.18461538461538463,0.09230769230769231,3.9599999999999995,0.6038229863834732,3.8593460408717304,0.046153846153846156,0.3076923076923077,0.2923076923076923,0.16923076923076924,0.8477300978154335,7002.900000000004,25.27790939891242,0.426907
34,MDVFKKGFSIAKEGVVGAVEKTKQGVTEAAEKTKEGVMYVGAKTKENVVQSVTSVAEKTKEQANAVSEAVVSSVNTVATKTVEEAENIAVTSGVVRKEDLRPSAPQQEGEASKEKEEVAEEAQSGGD,0.12921160459518433,0.31496062992125984,-0.047244094488189003,3.9700787401574806,-0.2532221983596412,4.432949470679167,0.023622047244094488,0.3307086614173228,0.31496062992125984,0.015748031496062992,0.8168559369272214,13330.80000000003,35.87962242025968,0.43819448
35,MESSAKMESGGAGQQPQPQPQQPFLPPAACFFATAAAAAAAAAAAAAQSAQQQQQQQQQQQQAPQLRPAADGQPSGGGHKSAPKQVKRQR,0.35428500175476074,0.1111111111111111,0.044444444444444446,3.6144444444444446,-0.28286445431432994,4.123939244263053,0.03333333333333333,0.31111111111111106,0.4222222222222222,0.1111111111111111,0.73087907638934,9218.900000000012,27.83815668693563,0.39844596
36,RRNERERNRVKLVNLGFATLREHVPNGAANKKMSKVETLRSAVEYIRALQQLLDEHDA,0.20514265447854996,0.3448275862068966,0.06896551724137931,3.644827586206897,-0.6921819385730701,3.1892161482291264,0.034482758620689655,0.3448275862068966,0.25862068965517243,0.017241379310344827,0.8851117524651876,6736.5,21.828455751348745,0.4131698
37,ENFSRKRYRSVDLSKENDDRKQNENKSLKESETSGPTAAPMWAVAPPSRSGAGNTFWMLPVPTTAGNQMESSSNNNTAAGHRAPPMWPFVNSAGGGAGGG,0.175773486495018,0.2,0.020000000000000004,3.542000000000001,-0.16516951176501718,4.134425748532968,0.07,0.22000000000000003,0.42,0.09,0.8985606501882196,10607.800000000021,29.276351928710938,0.40746295
38,GGAATHFMAGTGFSFPMDQYRGSPLQLGSFLAQPQPTQNLGLSMPDSNLGMLAALNSAYSRGGNANANAEQANNAVEHQEKQQQSDHDDDSREENSNSSE,0.20835034549236298,0.16,-0.07999999999999999,3.5970000000000004,0.9163112405919214,4.095579667146937,0.06,0.25,0.48,0.05,0.8787624754174931,10609.500000000018,28.747615814208984,0.41158667
39,MQEQATSSLAASSLPSSSERSSSSAPHLEIKEGIESDEEIRRVPEFGGEAVGKETSGRESGSATGQERTQATVGESQ,0.13672488927841187,0.2727272727272727,-0.09090909090909091,3.5974025974025974,1.1676871563566218,3.588626646914302,0.012987012987012988,0.2207792207792208,0.4545454545454546,0.03896103896103896,0.8141414781013976,8023.80000000001,26.44458303506176,0.43460742
40,SSLMGPNGNSKTMINGSYNKRDLIRGRRGELFSAPASMRTSPTNSGHLRVSTAGLSSSSGSTSSSSSDSTMEELQAAIQAAIAHCKNSSAVDRDDKVKDS,0.15680163353681564,0.21000000000000002,0.030000000000000013,3.8369999999999997,-0.6134301686064504,3.9437119796623246,0.02,0.26,0.47000000000000003,0.03,0.8798144558961069,10405.300000000023,29.833815097808838,0.42699173
41,MAEEYKNTVPEQETPKVATEESSAPEIKERGMFDFLKKKEEVKPQETTTLASEFEHKTQISEPESFVAKHEEEEHKPTLLEQLHQKHEEEEENKPSLLDKLHRSNSSSSSSSDEEGEDGEKKKKEKKKKIVEGDHVKTVEEENQGVMDRIKEKFPLGEKPGGDDVPVVTTMPAPHSVEDHKPEEEEKKGFMDKIKEKLPG,0.1642051488161087,0.43000000000000005,-0.09000000000000002,3.1020000000000003,5.049275949074303,4.873686641855089,0.034999999999999996,0.19,0.27499999999999997,0.07,0.8619342076484077,22849.599999999984,46.16323075386574,0.40592283
42,MAEEIKNVPEQEVPKVATEESSAEVTDRGLFDFLGKKKDETKPEETPIASEFEQKVHISEPEPEVKHESLLEKLHRSDSSSSSSSEEEGSDGEKRKKKKEKKKPTTEVEVKEEEKKGFMEKLKEKLPGHKKPEDGSAVAAAPVVVPPPVEEAHPVEKKGILEKIKEKLPGYHPKTTVEEEKKDKE,0.14418162405490875,0.4486486486486487,-0.04864864864864865,3.235135135135135,0.15785750463276532,4.889015775550883,0.02702702702702703,0.21621621621621623,0.22162162162162163,0.08648648648648649,0.8253081598008247,20779.09999999999,45.83824146665281,0.41398764
43,GERHLLKNIKRRKTSSQTQTQSLEGEIHELRRDRMALEVELVRLRRKQES,0.3096352368593216,0.42,0.1,3.1719999999999997,0.1280362098404847,2.7366352841566743,0.0,0.26,0.31999999999999995,0.0,0.821881457374937,6034.899999999999,19.65455060032777,0.430616
44,SSDQRTLRRLAQNREAARKSRLRKKAYVQQLENSRIRLAQLEEELKRARQQGSLVER,0.29417966306209564,0.40350877192982454,0.15789473684210525,3.1333333333333333,1.7280035745712625,2.7733144535859617,0.017543859649122806,0.2982456140350877,0.2807017543859649,0.0,0.7760283432960383,6813.0,21.67950449786996,0.43076432
45,ILLKGKKLGGLLPAGGENGSEATDVSDEVEAAEMEDEAVRSQVQHKPKEDKLKLVPEL,0.33729518949985504,0.3620689655172414,-0.08620689655172414,3.9051724137931036,-0.9878007898804049,3.4603297265594737,0.0,0.3448275862068966,0.24137931034482757,0.05172413793103448,0.8351287725755087,6190.900000000001,22.37760507066162,0.44347063
46,DRMKKLIEDPDKFYTPKTRPSGHDIGKSFSKDNGGSIPPNLLQISNSESNGQYLANCK,0.17610444128513336,0.27586206896551724,0.034482758620689655,3.4120689655172414,-0.13280458770334488,3.4812126519758415,0.06896551724137931,0.1724137931034483,0.3793103448275862,0.08620689655172414,0.9016624139958231,6436.400000000002,22.64180095017405,0.4406914
47,QISTIAESEDSQESVDSVTDSQKRREILSRRPSYRKILNDLSSDAPGVPRIEEEKSEEET,0.24503827840089798,0.39999999999999997,-0.09999999999999998,3.2916666666666665,0.2602241081134483,3.133090539468409,0.016666666666666666,0.21666666666666667,0.31666666666666665,0.05,0.8247940167779062,6820.100000000003,22.660630996443082,0.42769402
48,PIPELDDAVVESFFSSSTDSTPMFEYENLEDNSKEWTSLFDNDIPVTTDD,0.1841723993420601,0.30000000000000004,-0.26,3.8360000000000003,6.373236088337653,3.417492101252796,0.12,0.2,0.30000000000000004,0.08,0.8290616739367483,5688.300000000002,21.495511456292096,0.4545223
49,RARNTEAARRSRARKLQRMKQLEDKVEELLSKNYHLENEVARLKKLVGER,0.25812021642923355,0.45999999999999996,0.13999999999999999,3.17,0.9374992939915933,2.7488540677870748,0.02,0.32,0.19999999999999998,0.0,0.8039528713556077,6012.7,20.177904877026943,0.45280945
50,MSSKEQKTPEGQAPEEIIMDQHEEIEAVEPEASAEQVDPRDEKVANLEAQ,0.19504720717668533,0.38,-0.21999999999999997,3.3339999999999996,3.3232699602757494,3.1714126793131645,0.0,0.3,0.23999999999999996,0.08,0.8249994103390913,5591.600000000001,21.917703181321485,0.4506068
51,KKLEEETEPAAMDRVKAEVRLMIQKARLEKKMSQADLAKQINERTQVVQE,0.1653391197323799,0.42000000000000004,0.020000000000000018,3.548,-0.7017912371013084,3.055092715029517,0.0,0.38,0.18000000000000002,0.02,0.8175379977394563,5836.499999999999,20.713842516817532,0.4493563
52,QGSGGQTQTQSQATASATTGGATAQPQTKPKVRARRGQATDPHSIAERLRRERIAERMKSLQELVPNGN,0.21919021755456924,0.2318840579710145,0.08695652173913042,3.3579710144927533,0.5360075550479971,3.3315767555377285,0.0,0.24637681159420288,0.463768115942029,0.057971014492753624,0.850595395809272,7367.6,24.847161220477826,0.43626422
53,TTMQSLCGSSSSTSSYYPLAISGIGETMAQDRALAALRNHKEAERRRRERINSHLNKLR,0.12514841184020042,0.2542372881355932,0.0847457627118644,3.7,0.19218725378929002,3.157027786802564,0.03389830508474576,0.288135593220339,0.38983050847457634,0.01694915254237288,0.8755602666002849,6616.699999999998,21.4483689951107,0.42374867
54,PVLLEVEVDKKVPVLPMVAGGSGLDEFINFDPEVERQQTELRHKRTGGKH,0.27343225479125977,0.32,-0.03999999999999998,3.9819999999999998,-0.8594878714928234,3.350625548212024,0.04,0.30000000000000004,0.26,0.08,0.8806370207867384,5591.999999999999,20.338319154207287,0.43844765
55,EKLLDTMNRLDDKYRELRSQLSNKSLAPEVHQQISKQLADRERELLPIYGQIS,0.05031169205904007,0.339622641509434,0.0,3.5415094339622635,-0.13698316239565428,3.155568772271942,0.03773584905660377,0.3018867924528302,0.2830188679245283,0.03773584905660377,0.8725010903201891,6260.299999999998,20.958545575321832,0.43428925
56,SLVHMDIKPSNIFISRTSIPNAASEEGDEDDWASNKVMFKIGDLGHVTRI,0.484845831990242,0.26,-0.06,4.1979999999999995,-0.6214326594091989,3.3404930508801947,0.06,0.32,0.32,0.04,0.9117888575043489,5542.0,19.59908366181349,0.4256277
57,MSATAATVPPAAPAGEGGPPAPPPNLTSNRRLQQTQAQVDEVVDIMRVNVDKVLERDQKLSELDDRADALQAGASQFETSAAKLKRKY,0.24151194095611572,0.26136363636363635,-0.011363636363636354,3.8818181818181823,-0.6988962707350848,3.972976749376359,0.022727272727272728,0.35227272727272724,0.2727272727272727,0.09090909090909091,0.8829651634445964,9393.800000000014,28.67536052936592,0.41750616
58,DVDFGDSDNENEPDAYLARLKAEAREKEEDDDDGDSDEESTDEDFKPNENESDVAEEYDSNVESDSDD,0.273624911904335,0.5441176470588235,-0.39705882352941174,2.613235294117647,23.04012371122896,3.0689329227912996,0.058823529411764705,0.14705882352941177,0.22058823529411764,0.029411764705882353,0.7526777979850582,7681.900000000009,27.724813969016427,0.48854208
59,DSDASGGGGDSDGAKKKKEKKSEKKEKKEKKHKEKERTKKPSKKKKDSGK,0.14931198209524155,0.6599999999999999,0.22,1.8199999999999994,1.7561243303837566,2.66749650732221,0.0,0.04,0.27999999999999997,0.02,0.6007280791021484,5559.299999999999,21.21936699072266,0.47167152
60,GGDSDNEKGGKSSKKRKTEPSPSKKANTSGSGFKSKEYISDDDSTSSDDEKDNEPAKKKSKPPSDGDAKKKKAKSESEPEESEEDSNASDEDEEDEASD,0.4105182886123657,0.5050505050505051,-0.10101010101010102,2.365656565656566,-1.8023050544026837,3.6079717602744337,0.020202020202020204,0.0707070707070707,0.3434343434343434,0.06060606060606061,0.7210691222926141,10607.200000000019,30.33471194096164,0.43341282
61,HSSRPSQNIAAGLESPDQQAGAQILGQCGTGGSDEPSEPSRAEDPGPGPW,0.3012693077325821,0.18000000000000002,-0.1,3.4759999999999995,0.4000137977121508,3.2744648766666966,0.02,0.18000000000000002,0.4600000000000001,0.14,0.8186886419428201,5027.4000000000015,20.51346965550098,0.4359138
62,ATYNNATEQEGKTYIQGETPEQANARYLKRVGAANNQNPAAEDKGATTPASKEEAKKSEAAAKNAGKAAGKALPKTSAVK,0.18183159828186035,0.275,0.05,3.41,-0.44513518286472953,3.7321048907063363,0.0375,0.30000000000000004,0.3375,0.05,0.8001849869979754,8276.300000000014,26.9195330535916,0.4314521
63,GAIQLTEALRMQMEVQKQLHEQLEVQRVLQLRIEEHAKYLEKMLEEQRKTGRWISSSSQTVLSPSDDSIPDSQNMSKTKASSPQPPLPAENKASETEDDKCESPQKRRRLENIAESEDPKR,0.1978745311498642,0.3388429752066116,-0.024793388429752067,3.325619834710744,-0.346642162569753,4.167075754623417,0.01652892561983471,0.25619834710743805,0.3140495867768595,0.06611570247933884,0.8985929557805069,13904.700000000028,33.94847273826599,0.43176207
64,EFCIPTSSTIEQQNSARIRQNTREHPSTANTVDRTNHQLENLEAETAPLP,0.2679857760667801,0.21999999999999997,-0.059999999999999984,3.434,0.05866086030062636,3.023916760462516,0.02,0.22,0.44,0.08,0.8510652214172733,5644.800000000001,20.026946666778507,0.4176202
65,MPRGFLVKRSKKSTPVSYRVRGGEDGDRALLLSPSCGGARAEPPAPSPVP,0.3200514167547226,0.26,0.09999999999999999,3.934,0.044866809743724596,3.2766174096249125,0.04,0.26,0.26,0.16,0.8279110297333843,5245.7000000000035,20.993016497857933,0.43385842
66,SSVSASSSPSPSTPTKSGKMRSRSSSPVRPKAYTPSPRSPNYHRFALDSPPQSPRRSSNSSITKKGSRRSSGSSPTRHTTRVCV,0.22228872030973434,0.20238095238095238,0.17857142857142855,3.3047619047619046,5.963634508181374,3.6929865265590576,0.03571428571428571,0.11904761904761904,0.488095238095238,0.14285714285714285,0.7682280943986463,8975.000000000011,29.661054813138975,0.44103068
67,ATIKRLKRSPDKQAAALPRRERNRQAAAASPENSRGKGRRGQRGKNRGCV,0.26231609284877777,0.38,0.26,2.9559999999999995,6.22705961769485,2.5583869675437088,0.0,0.24,0.3,0.06,0.804734493069953,5525.299999999999,21.211881710427125,0.45031846
68,ATGFVKKDQLGKNEEGAPQEGILEDMPVDPDNEAYEMPSEEGYQDYEPEA,0.22602441161870956,0.36000000000000004,-0.24000000000000005,3.244,3.705569001054572,3.3029018779442687,0.08,0.22,0.24000000000000002,0.1,0.8509162603958319,5560.500000000002,21.938442802536724,0.48109815
69,EENRTEAPEETEPERETPSAINGNPSWHLADSPAVNGATGHSSSLDAREV,0.18888945877552032,0.28,-0.16,3.324,2.0755583926304353,3.159080163976725,0.02,0.22,0.38,0.1,0.8215061199113469,5341.900000000002,20.698259983986084,0.44590762
70,SGVNKSDKKVTPTEEKEQEAVSKSTSPAANSADTPNETGKRPLEEEKPPK,0.1287854090332985,0.38,-0.020000000000000018,2.904,-0.45886816382202916,3.129396924005586,0.0,0.16,0.34,0.12,0.7869350913194708,5352.100000000001,21.358677497916627,0.4620598
71,AMQECMQKYPDLYPQEDEDEEEEREKKPAEQAEETAPIEATATKEEEGSS,0.330999955534935,0.46,-0.26,2.804,5.120621913114041,3.0418154958395713,0.04,0.19999999999999998,0.19999999999999998,0.08,0.7800680476168258,5748.600000000004,21.974270995518864,0.46280843
72,ILFKDNEKSCQNKESNKDDTKEAKESKENKEVSSPDDLELELENLEINDD,0.15858007967472076,0.5,-0.18000000000000002,2.8560000000000003,1.9618511403742813,2.908157335311344,0.02,0.18,0.26,0.02,0.7616646298533502,5794.800000000002,21.46882575768894,0.45694137
73,LCGRPGRGQTQQEEEEEDEDHGPDDYDEEDEDEVEEEETNRLPGGRSRVL,0.6889035999774933,0.52,-0.32000000000000006,2.468,3.6972807698003924,2.6450388130993865,0.02,0.1,0.28,0.06,0.7582462018935685,5772.400000000002,21.233268707235492,0.46889552
74,QPYEKKAAKLKEKYEKDIAAYRAKGKPDAAKKGVVKAEKSKKKKEEEDDEEDEEDEEEEEEEEDEDEEEDDDDE,0.6052399277687073,0.7162162162162162,-0.2567567567567568,2.1486486486486487,-3.434140883377587,3.1666919630177306,0.04054054054054054,0.16216216216216217,0.05405405405405406,0.02702702702702703,0.6493786249421932,8710.70000000001,23.56450763577112,0.37042892
75,MRVKGPSSRRKKKKILKLAKGYRGQRSRSYRRAKEAVMRALYYQYRDRKLRKREFRRLW,0.26175379753112793,0.47457627118644063,0.3728813559322034,2.9457627118644076,16.38548443831169,2.8344197313041204,0.11864406779661016,0.23728813559322032,0.15254237288135594,0.01694915254237288,0.7971925802924912,7458.0999999999985,23.743788292567913,0.45948106
76,LEEQKLQIQVELLELEKQRFRWQRFSKKRDQELERMRMENERMKLENDRMGLELKQRELGVE,0.12818889319896698,0.4838709677419355,0.0,3.1080645161290326,-0.6962384334283297,3.0379607348573994,0.04838709677419355,0.27419354838709675,0.19354838709677416,0.0,0.7693123672287973,7867.200000000001,22.368435005203086,0.41591412
77,NDHSDSSNKKRLCGNREAVRKYREKKKARTAYLEDEVMRLQSLNEQFLRKLQSQEMVETELIRLRALLVEMQ,0.28046921640634537,0.38888888888888884,0.05555555555555555,3.452777777777778,-0.8172688630892004,3.3286351172626896,0.041666666666666664,0.3055555555555556,0.25,0.0,0.8791604975933822,8644.200000000008,24.529366703952626,0.414218
78,LDGLHNELQTIGFQIETIGKKVSSKRIPYAPSGEIPKFSLQDPPNKKPKV,0.34321820735931396,0.26,0.06,3.8279999999999994,-0.581753173678614,3.541573437934568,0.06,0.24000000000000002,0.32,0.12,0.8880857355228348,5542.400000000001,21.610484687281936,0.46506828
79,AEESSKIRAPTTMKKFEDSEKAKKPVRSMIETRGEKPKEKAKNSKKKGAKKEGSDGPLATSKPVPAEKSGLPVGPENGVELSKEELIRRKREEFIQKHGRGMEKSNKSTKSDAPKEKGKKAPR,0.1568106934428215,0.44715447154471544,0.12195121951219512,3.0032520325203254,4.781967760281069,4.138777542349608,0.016260162601626018,0.1951219512195122,0.26016260162601623,0.08130081300813008,0.8318304729047481,13595.300000000034,36.61589107227386,0.43463877
80,LQAQNPLTESERRSMEDQIERLKNEKEGLLAELQNQEQERKEFELQVTTLKD,0.08054773509502411,0.40384615384615385,-0.09615384615384615,3.107692307692308,0.657340786480931,2.9790456946637085,0.019230769230769232,0.25,0.30769230769230765,0.019230769230769232,0.8151982084477646,6207.799999999999,20.849940212438664,0.44401827
81,FGPLLPTESERSLMERVRQELKLELKQGFKSRIEDVREEIMRKRRAGKLPGDTT,0.17250901460647583,0.42592592592592593,0.05555555555555555,3.514814814814815,-0.4304260084584815,3.059673701392007,0.037037037037037035,0.25925925925925924,0.2222222222222222,0.05555555555555555,0.8451223678463574,6350.2,21.270638374871506,0.42743704
82,ESSDQAKEEEEKEEEEEERDSMMGQKIDGSEGEDIQIWGEEEVRRLMEIDA,0.1854051649570465,0.5490196078431372,-0.3137254901960784,2.8705882352941177,8.62555855913353,2.8279505558653444,0.0196078431372549,0.21568627450980393,0.21568627450980393,0.0,0.7403088098629275,5988.900000000001,21.144558748139406,0.46519977
83,VSPTRSVLPANWRQELESLRNGNGSSSAASSAPAPARSSSASWRDAAPASSAPARSSSASKKA,0.18663758784532547,0.1746031746031746,0.07936507936507936,3.8396825396825394,0.6902010490512036,3.442933457994324,0.031746031746031744,0.30158730158730157,0.3968253968253968,0.09523809523809523,0.7260049361742751,6323.700000000005,22.766493273738813,0.4233325
84,VTPSRSALPSNWKQELESLRSSSPAPASSAPAPARSSSASWRDAAPASSAPARSSSSKKAVTPSRSALPSNWKQELESLRSSSPAPASSAPAPARSSSASWRDAAPASSAPARSSSASKKAVTPSRSALPSNWKQELESLRSNSPAPASSAPAPARSSSASWRDAPASSSSSSADKA,0.1293264515697956,0.1807909604519774,0.06779661016949154,3.7790960451977407,2.435528841530839,4.8821752247863985,0.03389830508474576,0.2824858757062147,0.37288135593220345,0.12994350282485875,0.6875653672809231,17846.69999999999,43.11977183128324,0.42980784
85,GSSVKRQSTARTRSFTETNRRTPSVQSKHEFWEDPDDGSDSENEYEGEEEDGIGNDLDNESDWEDDSRVQKLTTTDNYEEELAKEVEQLLEPEERVILQQNEKPNLKMIST,0.3259135037660599,0.39639639639639634,-0.16216216216216214,2.988288288288288,2.480569363892279,3.850537323595056,0.05405405405405406,0.16216216216216217,0.35135135135135137,0.036036036036036036,0.8945719716396168,12862.800000000032,31.744527732859726,0.43410054
86,VTQVAKQERKKNRRGGAKRLDESEIEPENLVPEEWRDIQAEVNLTKKDKRKIAQEMEFGVRVEKKRQGLIPLRKVDLNDFLTYKEAKLAQLRPVILDKPGNFSDDSGASSDGETAVSSPSERVAPKNPRWAVYGKGFDHVAKFFNSDKYDPSDKKS,0.19003577530384064,0.3782051282051282,0.03205128205128205,3.467307692307693,-0.34071350794166694,4.536165898410035,0.07051282051282051,0.25,0.2435897435897436,0.057692307692307696,0.9184163789560235,17751.20000000002,38.1377582908497,0.42217875
87,EQVSHGTQNRPLLRNSLDDLVGPPSNLEGQSDERALLDQLHTLLSNTDATGLEEIDRALGIPELVNQGQAL,0.18058275431394577,0.22535211267605634,-0.11267605633802816,3.9577464788732404,1.4999964083130595,3.7090005327852325,0.0,0.323943661971831,0.3943661971830986,0.056338028169014086,0.8385531253199258,7671.900000000005,25.610444487074297,0.43020627
88,QQQIQHRLQQAQLMRRRMATMNTRNVPQQSLPSPTSAPPGTPTQQPSTPQTPQPPAQPQPSPVSMSPAGFPSVARTQPPTTVSTGKPTSQVPAPPPPAQPPPAAVEAARQIEREAQQQQHLYRVNINNSMPPGRTGMGTPGSQMAPVSLNVPRPNQVSGPVMPSMPPGQWQQAPLPQQQPMPGLPRPVISMQAQAAVAGP,0.20920252054929733,0.08,0.05,3.7135,1.7656167294477187,5.498950337784756,0.015,0.27,0.41500000000000004,0.22,0.8130480370528674,21238.29999999999,47.76403212351923,0.4120777
89,VQPPRSISPSALQDLLRTLKSPSSPQQQQQVLNILKSNPQLMAAFIKQRTAKYVANQPGMQPQPGLQSQPGMQPQPGMHQQPSLQNLNAMQAGVPR,0.2623157650232315,0.09375,0.07291666666666666,3.782291666666667,1.1373556329814198,4.393346769989906,0.020833333333333332,0.30208333333333337,0.4375,0.14583333333333334,0.8325541728161557,10495.500000000016,30.84509381121732,0.42145273
90,MTPSTPPRSRGTRYLAQPSGNTSSSALMQGQKTPQKPSQNLVPVTPSTTKSFKNAPLLAPPNSNMGMTSPFNGLTSPQRSPFPKSSVKRTLFQFESHDNGTVREEQEPLGRVNRILFPTQQNVDIDAAEEEEEGEVLLPPSRPTSARQLHLSLERDEFDQTHRKKIIKDVPGTPSDKVITFELAKNWNNNSPKNDAR,0.2903231531381607,0.23350253807106602,0.020304568527918773,3.5497461928934007,-1.453129552338347,5.076300987058166,0.050761421319796954,0.2131979695431472,0.3857868020304568,0.116751269035533,0.9204241594856393,21861.099999999995,44.262433202781814,0.4035676
91,MSESSSKSSQPLASKQEKDGTEKRGRGRPRKQPPVSPGTALVGSQKEPSEVPTPKRPRGRPKGSKNKGAAKTRKTTTTPGRKPRGRPKKLEKEEEEGISQESSEEEQ,0.31909313797950745,0.39252336448598124,0.11214953271028036,2.6934579439252335,-0.019533841108295345,3.836625731976481,0.0,0.11214953271028037,0.37383177570093457,0.12149532710280374,0.799007934232682,11674.500000000025,34.553144116557114,0.4451399
92,MSARGEGAGQPSTSAQGQPAAPAPQKRGRGRPRKQQQEPTGEPSPKRPRGRPKGSKNKSPSKAAQKKAEATGEKRPRGRPRKWPQQVVQKKPAQEETEETSSQESAEED,0.37456561625003815,0.3486238532110092,0.11009174311926606,2.5908256880733944,-0.769118415250037,3.8229753018269825,0.009174311926605505,0.13761467889908258,0.3669724770642202,0.13761467889908258,0.7832385603335378,11833.900000000023,34.10230284375806,0.43145326
93,LPRRPGHDDGQRPSGGAAAAPRRGAQLRRPRHSHPTRARRCPGGLPGHAGGAAPGRGAAGRARCLGPSARGPG,0.24583251774311066,0.2328767123287671,0.1780821917808219,3.4342465753424656,4.5696313522592575,3.325689780661032,0.0,0.2328767123287671,0.3561643835616438,0.1506849315068493,0.6857019566058478,7320.0000000000055,26.84790351546758,0.4426422
94,MSERQGAGATNGKDKTSGENDGQKKVQEEFDIDMDAPETERAAVAIQSQFRKFQKKKAGSQS,0.31176161766052246,0.3548387096774194,0.0,3.1677419354838707,-1.4510527305945904,3.2315668521450935,0.04838709677419355,0.2096774193548387,0.3709677419354839,0.016129032258064516,0.85592663451892,6792.700000000001,22.251801503864936,0.42075458
95,MDSKSVTPEPTNPFYASSGQSGKTYASVVAAAAAAAADKEDGGAVSSAKELDSSSEAVSGNSDKVGADDLSDSEKEKPNLVGDGKVSDEVDGSLKEDS,0.12409062311053276,0.29591836734693877,-0.11224489795918367,3.833673469387755,2.628494910001888,4.0858724543296665,0.030612244897959183,0.2857142857142857,0.3469387755102041,0.04081632653061224,0.8021803456016997,9770.600000000019,30.780746421588407,0.43924785
96,DSAEEDENKLPVEDIVSSREFSFGGKEVDQEPSGEGVTRVDGSESEEETEEMIFGSSEAAKQFLAELEKASSGIEAHSDEANISNNMSDRIDGQIVTDSDEDVDTEDEGE,0.270366370677948,0.39090909090909093,-0.26363636363636367,3.5090909090909097,22.27863193198447,4.007715308221385,0.03636363636363636,0.22727272727272724,0.32727272727272727,0.01818181818181818,0.8447236510669622,11920.600000000026,34.30880196640137,0.4488514
97,QDKKTMMMNEEDDGNGMDELLAVLGYKVRSSEMADVAQKLEQLEVMMSNVQEDDLSQLATETVHYNPAELYTWLDSMLTDLNPPSSNAEYDLKAIPGDAILNQ,0.2348913997411728,0.2621359223300971,-0.14563106796116504,3.954368932038835,5.235898229501649,4.3372794083152835,0.04854368932038834,0.35922330097087374,0.2912621359223301,0.038834951456310676,0.9025749810602206,11546.400000000021,31.70031313442515,0.43236625
98,LTNNVLSTAQQVYLRKLGGAKPNMDENASKIISAGRAKRSIAQPDDAGERFRQLKEQEKRSKKNKAVAKDTVELVEESQSESEEGSDDEEEEAREGALASSTTSKPLPEVGQRRSKRSKRKRTV,0.39299410581588745,0.3870967741935484,0.032258064516129004,3.258870967741936,-2.181803617353007,3.9487418015703617,0.016129032258064516,0.25,0.31451612903225806,0.03225806451612903,0.8720286092827663,13751.100000000028,32.454915271655864,0.4072789
99,DCESKPFSGGVEPMYCLENGAEEMKRGVKADKHWLSEFEHNYWSDILKEKEKQKEQGIVETCQQQQQDSLSVADYGWPNDVDQSHLDSSDMFDVDELLRDLNGDDVFAGLNQDRYPGNSVANGSYRPESQQSGFDPLQSLNYGIPPFQLEGKDGNGFFDDLSYLDLEN,0.14079707115888596,0.2857142857142857,-0.13095238095238093,3.5458333333333334,9.465084384919678,4.783848823250301,0.10714285714285714,0.20238095238095236,0.33928571428571436,0.047619047619047616,0.9312524710781361,19047.90000000001,37.52740684367657,0.3964458
100,DLCQLSAETKKTPSRSARRKKAKRQWLREKTKLEKEELLQTQLVVAPSQKPV,0.30323006212711334,0.38461538461538464,0.15384615384615383,3.3673076923076923,0.7543845616122961,3.08944640195533,0.019230769230769232,0.2692307692307692,0.25,0.057692307692307696,0.8004945740497905,6055.0,21.667629256612408,0.44248635
101,ADLKKELSGSSKKGELPPGRSTVAASTRYPFKDSEIENELNELRRKANDF,0.19104593992233276,0.38,0.020000000000000018,3.3720000000000003,-0.5858473473901386,3.1010534448382083,0.06,0.21999999999999997,0.28,0.06,0.8562580863460066,5576.9,20.577858238908043,0.43462178
102,MSEPAGDVRQNPCGSKACRRLFGPVDSEQLSRDCDALMAGCIQEARERWNFDFVTETPLEGDFAWERVRGLGLPKLYLPTGPRRGRDELGGGRRPGTSPALLQGTAEEDHVDLSLSCTLVPRSGEQAEGSPGGPGDSQGRKRRQTSMTDFYHSKRRLIFSKRKP,0.28621549904346466,0.29878048780487804,0.018292682926829257,3.6548780487804877,-1.5722797258797405,4.546160654744144,0.06097560975609756,0.21341463414634146,0.3170731707317073,0.07926829268292683,0.9209962555122437,18107.400000000027,37.3413093173651,0.3907171
103,KGTSTRKPRINSQLVAQQVAQQYATPPPPKKEKKEKVEKQDKEKPEKDKE,0.09107028692960739,0.44,0.11999999999999997,2.56,0.9559237951766651,3.135240459058642,0.02,0.16,0.26,0.12,0.7976961586405277,5773.299999999999,21.836182746931712,0.4712585
104,MSDAAVDTSSEITTKDLKEKKEVVEEAENGRDAPANGNAENEENGEQEADNEVDEEEEEGGEEEEEEEEGDGEEEDGDEDEEAESATGKRAAEDDEDDDVDTKKQKTDEDD,0.43890997767448425,0.5765765765765767,-0.39639639639639646,2.5288288288288285,41.37269954192518,3.5279005042120004,0.0,0.1711711711711712,0.24324324324324326,0.009009009009009009,0.7269285813460712,12202.600000000028,38.317073373040884,0.5079074
105,MSETVPPAPAASAAPEKPLAGKKAKKPAKAAAASKKKPAGPSVSELIVQAASSSKERGGVSLAALKKALAAAGYDVEKNNSRIKLGIKSLVSKGTLVQTKGTGASGSFKLNKKASSVETKPGASKVATKTKATGASKKLKKATGASKKSVKTPKKAKKPAATRKSSKNPKKPKTVKPKKVAKSPAKAKAVKPKAAKARVT,0.21623429656028748,0.3,0.23,3.855,36.251314734542646,5.20491920171583,0.01,0.335,0.275,0.08,0.7617890494423915,20204.100000000002,52.4319270942681,0.43283543
106,MATLIYVDKENGEPGTRVVAKDGLKLGSGPSIKALDGRSQVSTPRFGKTFDAPPALPKATRKALGTVNRATEKSVKTKGPLKQKQPSFSAKKMTEKTVKAKSSVPASDDAYPEIEKFFPFNPLDFESFDLPEEHQIAHLPLSGVPLMILDEERELEKLFQLGPPSPVKMPSPPWESNLLQSPSSILSTLDVELPPVCCDI,0.20443610101938248,0.26,0.0,4.0815,-3.474055406418239,5.452700904910501,0.06,0.285,0.265,0.12,0.9188654251050458,21777.999999999996,47.37211363683825,0.40905085
107,MSARVRSRSRGRGDGQEAPDVVAFVAPGESQQEEPPTDNQDIEPGQEREGTPPIEERKVEGDCQEMDLEKTRSERGDGSDVKEKTPPNPKHAKTKEAGDGQP,0.19104665517807007,0.3921568627450981,-0.0784313725490196,2.9421568627450982,-0.29216408738719635,3.7810239288227137,0.00980392156862745,0.16666666666666669,0.3137254901960784,0.10784313725490197,0.8741921349069492,11153.300000000023,32.68748622298176,0.44197163
108,MRRRGEIDMATEGDVELELETETSGPERPPEKPRKHDSGAADLERVTDYAEEKEIQSSNLETAMSVIGDRRSREQKAKQEREKELAKVTIKKEDLELIMTEMEISRAAAERSLREHMGNVVEALIALTN,0.1415463462471962,0.4108527131782946,-0.0697674418604651,3.5395348837209304,1.0363213374784486,4.104228066249749,0.007751937984496124,0.3178294573643411,0.23255813953488372,0.031007751937984496,0.8756378881911577,14657.000000000033,36.03278870294459,0.42057842
109,MVRTKADSVPGTYRKVVAARAPRKVLGSSTSATNSTSVSSRKAENKYAGGNPVCVRPTPKWQKGIGEFFRLSPKDSEKENQIPEEAGSSGLGKAKRKACPLQPDHTNDEKE,0.2219139263033867,0.29729729729729726,0.08108108108108109,3.5306306306306308,0.5834620392334335,4.16501791223051,0.04504504504504504,0.2252252252252252,0.3333333333333333,0.08108108108108109,0.9187610934134282,11984.000000000025,32.69468992110904,0.4215225
110,VEEKKTRAAREGDRRDNRLRGPGGPRGGLGGGMRGPPRGGMVQKPGFGVGRGLAPRQ,0.10935134813189507,0.3333333333333333,0.15789473684210525,3.2736842105263153,2.5085796870220274,3.0419284365647887,0.017543859649122806,0.19298245614035087,0.3508771929824561,0.10526315789473684,0.7515195639562288,5962.900000000001,22.615371311430916,0.44602394
111,MESNQSNNGGSGNAALNRGGRYVPPHLRGGDGGAAAAASAGGDDRRGGAG,0.22742754966020584,0.18,0.020000000000000004,3.6180000000000003,-0.26301423716124733,2.9737773274605415,0.02,0.26,0.5,0.04,0.7421981282180119,4709.100000000001,19.498726957887232,0.44907552
112,MLCEDQHMSVENTPQKGSGSLNSSASSISIDVKPTMQSWAQEVRAEFGHS,0.2091999053955078,0.18,-0.06,3.9040000000000004,0.13594621049193992,3.292099572260184,0.04,0.26,0.45999999999999996,0.04,0.9160447568083284,5422.9,19.73992831429326,0.43843392
113,EVKFERLVKEEKLKTPYKRRHSFTPPSNENSRSNSPNSSNSSANGDAAAPKGGNNPHSRNSKKSGNFRAHKEEKRVRHN,0.16212476789951324,0.3291139240506329,0.12658227848101267,2.7253164556962024,2.5927218857286416,3.3766170832870976,0.05063291139240506,0.12658227848101267,0.4177215189873418,0.0759493670886076,0.8301071961326014,8912.700000000015,26.47277406751738,0.42417976
114,MIKRELMKDPRLANEDWSRFLPKFKNKNISKRKQPKVKKQKKEYTPFPPSQPESKVDKQLASGEYFLNQEQKQAKRNQERTEKQKEAAKRQDERRNKDFVPPTEESAASSRKKEDGSSSSKVDVKALKAKLIKANKKARSS,0.17123329639434814,0.42553191489361697,0.14184397163120566,2.9014184397163123,8.684179018766663,4.20303723363203,0.05673758865248227,0.19858156028368795,0.25531914893617025,0.06382978723404255,0.8678274673701221,16443.100000000024,37.476472750978616,0.41612437
115,GQHMKKSSLSESSSDMMDLDDGVESTPGLTETHPGRSAVAPFLGAQQQQQQPVASSLSMSIDKQLQHPLQQLTQTQLYQQQQQQQQQQQNGFKQQQQQTQQQLQQQQSHTINASAAAATSGSGSSGLTMRHNNALAVSIETDV,0.3400537371635437,0.11188811188811189,-0.027972027972027975,3.551048951048951,-0.10778884648210611,4.571278529483559,0.02097902097902098,0.2517482517482518,0.5804195804195804,0.03496503496503497,0.8405801402801483,15550.300000000025,33.91534910408834,0.39972422
116,KKFKEEEKPAWAKKDIRDYSEADLERLLDQWEEDEEPLEDDELPEHLRPQPKLDLSNLDSKSPEDLLKVSKKG,0.288595974445343,0.5068493150684932,-0.1232876712328767,3.006849315068493,-0.7573225802722822,3.600680543497421,0.0547945205479452,0.2191780821917808,0.136986301369863,0.0821917808219178,0.8044212531187414,8651.60000000001,26.523774352692616,0.4556893
117,MSSPDDFETAPAEYVDALDPSMVVVDSGSAAVTAPSDSAAEVKANQNEENTGATAAETSEKVDQTEVEKKDDDDTTEVGVTTTTPSIADTAATANIASTSGASVTEPTTDDTAADEKKEQVSG,0.16882643848657608,0.2764227642276423,-0.1788617886178862,3.876422764227642,11.32626591951454,4.395591882744415,0.016260162601626018,0.30081300813008127,0.35772357723577236,0.04878048780487805,0.8080586499028988,12476.90000000003,37.03482595203687,0.44341296
118,YDNFREVVDSRLQEESHSNGVDNSNSNSDNKDSIRPKTEIISTNTNGATEDSTSEKVMVDAEQQARLQEQAQLLRQHVSSTASITSGGHNDLVQIEQPQKDTSNNNNSNVNDEDNDLLTQDNNPQTADEGNASFQAQRSMISRGALPSHN,0.17391607910394669,0.24000000000000002,-0.09333333333333335,3.280666666666667,3.651278590481162,4.258495473418644,0.02,0.22000000000000003,0.4933333333333333,0.02666666666666667,0.8921424898539043,16494.800000000025,37.38450511052283,0.42390418
119,QRGYKTFEEIQKEEEARQQQEEDEAVDEIKQEIKFTKQSSVASTRNTLKMAQDAERAGMNTLGMLGHQSEQLNNVEGNLDLMKVQNKVADEKVAELKKLNR,0.1938432827591896,0.3564356435643564,-0.03960396039603961,3.362376237623763,-0.8678090493744287,3.8808716337943623,0.0297029702970297,0.28712871287128716,0.32673267326732675,0.0,0.8829342131462581,11589.700000000023,29.41004173586755,0.40743977
120,SILAVHVSNPFNSKRRRREREEQLKNRKIEEKLMREQTSQQLSQSTQRIEGAMNANNNISEVRERYQRKNVLEKAKRYQFENDEEDDEMELEIDRNLDQIQQVSNRLKKMALTTGKELDSQQKRLNNIEESTDDLDINLHMNTNRLAGIR,0.2942090183496475,0.3733333333333333,-2.7755575615628914e-17,3.1513333333333335,-2.0881658345322633,4.032253290378541,0.02666666666666667,0.26,0.3333333333333333,0.006666666666666667,0.8875532978196805,17873.50000000002,34.395220012242234,0.38891453
121,MSQEQPRRPQAGQDPIKYGDVLPVSGDLSQKPITPEDAAMMQSAESRVLGQTQPGGVASVMQSAATRNEQAGIVGHKDVTDVTGDRGVTVTETQVPGRRI,0.17140460759401321,0.22,-0.020000000000000004,3.875,-0.26315266434707263,4.149111143442114,0.01,0.3,0.39,0.08,0.884213014030785,10568.40000000002,31.024975776672363,0.4295821
122,ITETVGGQVVGQFVEPTPVQVGLTGAVRESALTIGEALEATAHTVGDKPVEQSDASAIQAAEVRATGSNVITPGGLASMAQSAAAFNAECQREEEKIKMG,0.11056266352534294,0.19,-0.07,4.473,1.0419823033090594,4.32547170451554,0.02,0.38,0.36,0.04,0.8732546384990311,10135.800000000021,30.943148136138916,0.44089782
123,MASHQEQSYKAGETRGKAQEKTGEAMGTMGDKTQAAKDKTQETAQSAQQKAHETAQSAKDKTSQAAQTTQERAQESKDKTGSYMSETGEAIKNKAHDAAEYTKETAEAGKEKTSGILGQTGEQVKQMAMGATDAVKHTLGLRTDEGNKEHVSSAPSTTTTTTTRETQRK,0.07826058566570282,0.2958579881656805,-2.7755575615628914e-17,3.1834319526627217,-0.24997615414782295,4.477421125787932,0.01775147928994083,0.22485207100591717,0.4556213017751479,0.005917159763313609,0.8329283804823713,18101.000000000004,40.8013117313385,0.42960313
124,WEAEENVPYTAYFDKARKTRAPGSKIMNPNDPEYNSDSQSQAPPHPPSSRTKPEQVDTVRRSREHMRSREESELKQFGDAGGSSNEAANKRQGRASQNNS,0.23104466497898102,0.31,0.009999999999999981,2.858,-0.7094412598054197,3.723278686716288,0.06,0.16,0.38,0.09,0.9047676781542247,11263.400000000023,29.826765060424805,0.42170966
125,RDNSGVTLEGPKDLPPQLESNQGARGSGSANSVGSSTTRPKSPWMPFPTL,0.2113136276602745,0.18000000000000002,0.020000000000000004,3.6080000000000005,-0.28110048214311,3.3485033845501078,0.04,0.18,0.46,0.14,0.8585139361533698,5207.4,20.937424804672062,0.42898118
126,MASYQNRPGGQATDEYGNPIQQQYDEYGNPMGGGGYGTGGGGGATGGQGYGTGGQGYGSGGQGYGTGGQGYGTGTGTEGFGTGGGARHHGQEQLHKESGGGLGGMLHRSGSGSSSSSEDDGQGGRRKKGITQKIKEKLPGHHDQSGQAQAMGGMGSGYDAGGYGGEHHEKKGMMDKIKEKLPGGGR,0.2330075427889824,0.1827956989247312,0.0,3.317741935483871,-0.7909491421921149,4.774915461567337,0.06451612903225806,0.12365591397849462,0.6021505376344086,0.026881720430107527,0.7982683938542191,18464.50000000002,36.849211302059544,0.4012329
127,MAEEYKNNVPEHETPTVATEESPATTTEVTDRGLFDFLGKKEEEVKPQETTTLESEFDHKAQISEPELAAEHEEVKENKITLLEELQEKTEEDEENKPSV,0.15912561118602753,0.4,-0.2,3.299,10.321016669328344,4.084437122742383,0.04,0.22,0.28,0.06,0.8380052406210475,11425.00000000002,32.49099254608154,0.43992403
128,IEKLHRSNSSSSSSSDEEGEEKKEKKKKIVEGEEDKKGLVEKIKEKLPGHHDKTAEDDVPVSTTIPVPVSESVVEHDHPEEEKKGLVEKIKEKLPGHHDE,0.19069566577672958,0.46,-0.08000000000000002,3.1310000000000002,0.7552065804114667,3.9854981461714885,0.0,0.2,0.28,0.06,0.7820783674469816,11220.60000000002,32.006821632385254,0.45031172
129,KAEDSPAVTSTPLVVTEHPVEPTTELPVEHPEEKKGILEKIKEKLPGYHAKTTEEEVKKEKESDD,0.12761180102825165,0.4153846153846154,-0.1076923076923077,3.3630769230769233,1.2471805156379028,3.738806483782945,0.015384615384615385,0.23076923076923078,0.23076923076923078,0.1076923076923077,0.7799202978823144,7273.500000000002,25.788228318351806,0.46252033
130,TAGEKEDAPRRERKPRPTTPRRKEGAERKPRAQKPVEKAPKTVKAPREEQ,0.12199040874838829,0.52,0.15999999999999998,2.3520000000000003,1.1787297127527707,2.7491722055317847,0.0,0.16,0.16,0.16,0.7041010684625651,5773.9000000000015,22.960782048126077,0.45920348
131,RQLALEAKGETPSAVTRLSVVAKSEPQDEQSRSQSPRRIILSRLKAGEVD,0.24040653556585312,0.32,0.03999999999999998,3.78,-0.35582099820831564,3.078492379060708,0.0,0.32,0.3,0.06,0.8269126634186902,5484.999999999999,20.982848992123166,0.4544506
132,YNGQSETSQQPETPVFNTLPMMGKASPVSLGVPSEATANNGQQQQVQEQRRRINAMLQDYELQRRLHSEQLQFEQAQTQQAAVQVPGIQTLGTQSQ,0.2644472196698189,0.14583333333333334,-0.020833333333333343,3.5729166666666665,-0.1449972872824423,4.056378578121762,0.041666666666666664,0.2604166666666667,0.48958333333333337,0.0625,0.870456451297345,10707.000000000018,27.935282878768923,0.39525118
133,KKAMSDDEPKQDKTSQDADFTAKTIADKQADTNQEQAKTEDAKRHDKEQV,0.11646111309528351,0.46,-0.060000000000000026,2.63,-0.19547897259973376,2.8537660955045117,0.02,0.19999999999999998,0.30000000000000004,0.02,0.7791118030342683,5666.0,20.02166482372312,0.44341183
134,MVYKHAISTVVPSRPVSHHSNNAGGGTSSNYHHGSSAQNTSAQQDSEETE,0.7488495111465454,0.12000000000000001,-0.04,3.486,-0.7565709370446432,3.151936265420795,0.04,0.2,0.6,0.04,0.850796723242988,5281.400000000002,18.82964405190285,0.4120342
135,RALGMSMRVERSSLEQVQERFEVLKKRKAPGTFTEQDLDERIRKQQEEEEELKRQRREKKKEKKKGKVVEEEPEMDPEVAEMMGFGGFGSSKKS,0.2998569458723068,0.48936170212765956,0.021276595744680854,3.0468085106382983,-1.2378349435398022,3.593242492143408,0.0425531914893617,0.21276595744680848,0.22340425531914893,0.031914893617021274,0.8251678790799053,11084.900000000018,28.303696746550532,0.41519156
136,NKPEKDAEMDTDSSTPVVKTKVRGKKVKRRYKEEKEEIAGSIRWLAEVVMRSERARMETMKEIERMRAEAEAKRGELDLKRTEIMANT,0.17151788622140884,0.47727272727272724,0.04545454545454547,3.325,-0.6331910766241514,3.526143200343078,0.022727272727272728,0.3068181818181818,0.17045454545454544,0.022727272727272728,0.8432532326317411,10309.600000000015,28.21660536093181,0.41793486
137,RKLLGEGIDACSIEELQQLENQLDRSLSRIRAKKYQLLREEIEKLKAEERNLVKENK,0.19706308841705322,0.43859649122807015,0.017543859649122806,3.496491228070175,-0.8422047962976041,3.1241540885272503,0.017543859649122806,0.3157894736842105,0.21052631578947367,0.0,0.7980934671385872,6757.999999999999,21.532010793640108,0.43452853
138,LSELWNIDPKRAKRILANRQSAARSKERKARYIQELERKVQSLQTEATTLSAQLTLYQRDTNGLANENTELKLRLQAMEQQAQLRNALNEALRKEVERMKMETGEISGNSDSFDM,0.16626641899347305,0.3217391304347826,0.02608695652173912,3.5443478260869563,-1.3379579321874318,3.9686066000070737,0.034782608695652174,0.32173913043478264,0.31304347826086953,0.008695652173913044,0.8789505578845599,13296.200000000028,31.35489079241963,0.41025957
139,NTLKDILEEFMRQTVKMEKEWRDAWEMKEIEREKREKEWRRRMAELEEERAATERRWMEREEERRLREEARAQKRDSLIDALL,0.07970334030687809,0.5783132530120482,-0.02409638554216864,2.8783132530120485,-0.3251808635077014,3.0999474983413973,0.060240963855421686,0.2771084337349397,0.08433734939759036,0.0,0.7661008966924132,10616.800000000016,25.958296737314427,0.41111562
140,SEGGGGGTSGAARKREYSSDEEEENVNEELVDVSNDPKILNPKKNIAKKRKGGSNSSNSNNGVREVLEEFMRHQVRMESEWREGWEAREKERAEKEEEWRRKMEELEKERLAMERMWRDREEQRRSREEMRAEKRDSLINAL,0.16780157387256622,0.47887323943661975,-0.028169014084507032,2.834507042253521,-0.8174399720706801,3.782237393942311,0.04225352112676056,0.2112676056338028,0.2535211267605634,0.014084507042253521,0.8468641702521593,16834.900000000027,33.79480865518344,0.40634254
141,PFRDELHINEDMDMHESAKLERQRREEARRSLRSGLTGLPQPKNEYQIVAQPPPEESEEPEEKIEEDMSDRIAREKAEEEARQQALLKKRSKVLQRDLPRPPAASLAVIRNSLLSADGDKSSVVPPTPIEVADKMVREELLQ,0.18986224383115768,0.38732394366197187,-0.049295774647887314,3.4584507042253523,-0.19468977294801024,4.334825148809699,0.014084507042253521,0.3028169014084507,0.2042253521126761,0.09154929577464789,0.877186692089139,16259.200000000023,37.95852707105193,0.41296765
142,MADRVKGPWSQEEDEQLRRMVEKYGPRNWSAISKSIPGRSGKSCRLRWCN,0.29554498195648193,0.34,0.10000000000000003,3.302,-0.15045768704904278,2.970716224603886,0.08,0.2,0.28,0.06,0.9047895787853216,5879.499999999999,19.75030992601846,0.41046768
143,VEKLTEENRRLEKEAAELRALKLSPRLYGQMSPPTTLLMCPSCERVAGPSSSNHNQRSVSL,0.0929250717163086,0.26229508196721313,0.032786885245901634,3.849180327868852,-0.1396994959962432,3.4652693498419898,0.01639344262295082,0.29508196721311475,0.3114754098360656,0.08196721311475409,0.8627570222939718,6802.7000000000035,23.601446663737924,0.44934595
144,TPEEVKLKAQELRERARKKKEEEEKRMEREREKERIRIGKELLEAKRMEEVNERKRLMFLRKAEKEEEKRAREKIRQKLEEDKAERRRKLGLPPEDPATAAAKPSV,0.10744752362370491,0.6037735849056604,0.07547169811320753,2.765094339622641,0.8313077951297775,3.4333975259517038,0.009433962264150943,0.2641509433962264,0.07547169811320754,0.04716981132075472,0.7535244642090971,12882.000000000025,32.486033968099555,0.43568325
145,PLQEIFGVTKNNDHEKHDEEPDEESYRMAKRQRSMEYRMMMEKKRRKEIKDKVDIL,0.24102715402841568,0.5,0.0,2.8482142857142856,-1.915030725891862,2.9221651099329486,0.05357142857142857,0.23214285714285715,0.17857142857142855,0.03571428571428571,0.8808841566861132,6966.699999999997,21.005865594368114,0.41825026
146,KRKLSIPMTVARVVKYIPEQKQELQRLSRRKEELLKRISRKTHQEQLRNKAMMDSID,0.2295590415596962,0.40350877192982454,0.15789473684210525,3.407017543859649,1.8880235507852372,3.1157759283707613,0.017543859649122806,0.3157894736842105,0.22807017543859648,0.03508771929824561,0.861522162730085,6928.299999999998,22.68112787122126,0.44182852
147,YTSVYNNSLEAEPSSNNDQDEDRINDKMKRRLAQNREAARKSRLRKKAHVQQLEESRLKLSQLEQELV,0.33366188406944275,0.38235294117647056,0.02941176470588236,3.048529411764706,-1.771636374207449,3.0820873678810234,0.029411764705882353,0.2647058823529412,0.3088235294117647,0.014705882352941176,0.8486208901561298,8050.100000000002,23.337913588742335,0.40267363
148,LQVVDSRMEEEEVDAAETIEEEEQREQRSYKEKVEILKRKKMELKAARLAKRSKTSEGSVKKPKKTEEESPSDEEDDEDSAVDWR,0.37021398544311523,0.5411764705882353,-0.09411764705882353,2.928235294117647,-0.9008360298868949,3.4251534839533293,0.023529411764705882,0.23529411764705882,0.1764705882352941,0.023529411764705882,0.8098450430449807,9981.700000000012,26.760571070477514,0.39488992
149,MMLTKSVVISRPAVRPVSTRRAVVVRASGQPAVDLNKKVQDAVKEAEDACAKGTSADCAV,0.20598053187131882,0.26666666666666666,0.06666666666666665,4.498333333333333,-0.5400138208278041,3.4438453940215017,0.0,0.4333333333333333,0.21666666666666667,0.05,0.8437658137418731,6280.900000000003,23.32159810115191,0.4385169
150,MATIATGLNIATQRVFVTSENRPVCLAGPVHLNNSWNLGSRTTNRMMKLQPIKAAPEGGISDVVEKSIKEAQETCAGDPVSGECVAAWDEVEELSAAASHARDKKKADGSDPLEEYCKDNPETNECRTYDN,0.19100939482450485,0.26717557251908397,-0.053435114503816786,3.9083969465648853,-0.5472137521074475,4.44577912559717,0.03816793893129771,0.2977099236641222,0.3053435114503817,0.05343511450381679,0.944959640409684,14161.500000000033,35.37871329118996,0.4128196
151,MSDQSQEPTMEEILASIRRIISEDDAPAEPAAEAAPPPPPEPEPEPVSFDDEVLELTDPIAPEPELPPLETVGDIDVYSPPEPESEPAYTPPPAAPVFDRDEVAEQLVGVSAASAAASAFGSLSSALLMPKDG,0.21326220035552979,0.2556390977443609,-0.19548872180451127,4.145112781954887,13.188186373743195,5.036476758727837,0.03759398496240601,0.3383458646616541,0.18045112781954886,0.18796992481203006,0.8169856837445771,13905.300000000037,42.3526117803143,0.46553236
152,CLRKKRKPQAEKVDVIAGSSKMKGFSSSESESSSESSSSDSEDSETEMAPKSKKKGHPGREQKKHHHHHHQQMQQAPAPVPQQPPPPPQQPPPPPPPQQQQQPPPPPPPPSMPQQAAPAMKSSPPPFIATQVPVLEPQLPGSVFDPIGHFTQPILHLPQPELPPHLPQPPEHSTPPHLNQHAVVSPPALHNALPQQPSRP,0.3712199628353119,0.16,0.010000000000000009,3.3514999999999997,-0.8554548386514311,5.577558139290519,0.02,0.195,0.37,0.25,0.8302074947700974,21717.999999999996,47.4897640356455,0.4202335
153,SNRAAALPPKPARPPAVSPALTQTPLLPQPPMAQPPQVLLEDEEPPAPPLTSMQMQLYLQQLQKVQPPTPLLPSVKVQSQPPPPLPPPPHPSVQQQLQQQPPPPPPPQPQPPPQQQHQPPPRPVHLQPMQFSTHIQQPPPPQGQQPPHPPPGQQPPPPQPAKPQQVIQHHHSPRHHKSDPYSTGHLREAPSPLMIHSPQM,0.3320132791996002,0.08,0.020000000000000004,3.4219999999999997,0.008849738669510747,5.891521970927922,0.015,0.22,0.36000000000000004,0.325,0.751287637265599,21964.900000000005,46.004124714863174,0.3918507
154,SQFQSLTHQSPPQQNVQPKKQELRAASVVQPQPLVVVKEEKIHSPIIRSEPFSPSLRPEPPKHPESIKAPVHLPQRPEMKPVDVGRPVIRPPEQNAPPPGAPDKDKQKQEPKTPVAPKKDLKIKNMGSWASLVQKHPTTPSSTAKSSSDSFEQFRRAAREKEEREKALKAQAEHAEKEKERLRQERMRSREDEDALEQAR,0.08769821003079414,0.335,0.044999999999999984,3.2215,0.844791375615319,4.969755968054795,0.025,0.23500000000000001,0.265,0.14,0.8781368220375704,22716.6,48.400611379932016,0.42459574
155,RAHEEARRRQEQQQQQRQEQQQQQQQQAAAVAAAATPQAQSSQPQSMLDQQRELARKREQERRRREAMAATIDMNFQS,0.07709026150405407,0.2948717948717949,0.03846153846153849,2.732051282051282,-0.14259025334230438,3.120302780472238,0.01282051282051282,0.2692307692307692,0.39743589743589747,0.02564102564102564,0.7271862508995245,9201.200000000012,23.796779310179858,0.3802276
156,EHHSGSQGPLLTTGDLGKEKTQKRVKEGNGTSNSTLSGPGLDSKPGKRSRTPSNDGKSKDKPPKRKKADTEGKSPSHSSSNRPFTPPTSTGGSKSPGSAGRSQTPPGVATPPIPKITIQI,0.1830884888768196,0.25,0.09999999999999999,3.189166666666667,2.4324148352823003,4.30175740185065,0.008333333333333333,0.11666666666666667,0.4916666666666667,0.13333333333333333,0.831358005470129,12359.800000000027,36.86068352669625,0.44441321
157,PKGTVMVGKPSSHSQYTSSGSVSSSGSKSHHSHSSSSSSSASTSGKMKSSKSEGSSSSKLSSSMYSSQGSSGSSQSKNSSQSGGKPGSSPITKHGLSSGSSSTKMKPQGKPSSLMNPSLSKPNISPSHSRPPGGSDKLASPMKPVPGTPPSSKAKSPISSGSGGSHMSGTSSSSGMKSSSGLGSSGSLSQKTPPSSNSCT,0.15800484269857407,0.115,0.09500000000000001,3.603,6.444736389888033,5.136301960833921,0.01,0.125,0.65,0.095,0.7087983789523651,19445.49999999998,49.48030237110105,0.44163257
158,ASSSSFSSSGSSMSSSQNQHGSSKGKSPSRNKKPSLTAVIDKLKHGVVTSGPGGEDPLDGQMGVSTNSSSHPMSSKHNMSGGEFQGKREKSDKDKSKVSTSGSSVDSSKKTSESKNVGSTGVAKIIISKHDGGSPSIKAKVTLQ,0.17188915610313416,0.22222222222222224,0.06944444444444445,3.6027777777777774,1.9030124695792405,4.510601240045744,0.013888888888888888,0.18055555555555555,0.5416666666666666,0.041666666666666664,0.8200435800016425,14654.000000000036,38.72735595703125,0.42605945
159,KPGESSGEGLRPQMASSKNYGSPLISGSTPKHERGSPSHSKSPAYTPQNLDSESESGSSIAEKSYQNSPSSDDGIRPLPEYSTEKHKKHKKEKKKVKDKDRDRDRDKDRDKKKSHSIKPESWSKSPISSDQSLSMTSNTILSADRPSRLSPDFMIGEEDDDLM,0.1780463010072708,0.35582822085889576,0.012269938650306733,3.0061349693251533,-1.5737298906048982,4.464116501155141,0.03680981595092025,0.147239263803681,0.37423312883435583,0.08588957055214724,0.8635920005095243,18086.70000000001,40.515288490137806,0.43486187
160,TKGTDEVPVPPPVPPRRRPESAPAESSPSKIMSKHLDSPPAIPPRQPTSKAYSPRYSISDRTSISDPPESPPLLPPREPVRTPDVFSSSPLHLQPPPLGK,0.1813209056854248,0.22999999999999998,0.03,3.5690000000000004,-0.11741952481756225,4.509870058711016,0.03,0.2,0.26999999999999996,0.27,0.810854950264232,10806.100000000019,34.72733497619629,0.4231765
161,KVLQTRMARLIVEHSSTEGKLMKRIEMLEKHLSRYKALARRQKTMHGVSIDGGDISTDGVDERVRPPRLRQTKTIDLPTGTESESLLK,0.25113052874803543,0.34090909090909094,0.06818181818181818,3.778409090909091,0.12382121252718248,3.761353707753294,0.011363636363636364,0.3068181818181818,0.30681818181818177,0.03409090909090909,0.8869415923108144,10018.200000000015,28.49304920894363,0.43015903
162,EVDMRPSPKLAEEARRDAERYQKEHEMINRQAEATLQKKAEEYRHQTEAEAEKIRRELEKQHERDIQFRKDLIDQTIEKQKREVDLEAKMAKRELDREAQL,0.07185372151434422,0.504950495049505,-0.02970297029702973,2.8821782178217825,-0.08121154392600767,3.50536766704948,0.0297029702970297,0.27722772277227725,0.1683168316831683,0.019801980198019802,0.8295733404470518,12309.500000000025,29.928421028654007,0.41849792
163,MASHGQSYRAGEATGRAEEKADQMMGKTRGATEAMKNKAQQAKDKTMETAQAAKEKTSEKAYEAKDKTSNMAQSAKGQAQQSKDQTGSFASDKAQAAKDKAYQAAQATKEKASDMTEYAKETAEAGKEKTGGILQRTGEQVKSMAQGAADAVKNTFGMGEPEEDDPIKTTRP,0.11881494522094727,0.32558139534883723,0.011627906976744179,3.268604651162791,-0.6086417209708794,4.537287675903128,0.03488372093023256,0.2732558139534884,0.34883720930232565,0.01744186046511628,0.8339520440372188,18342.600000000006,41.40195106307797,0.42814115
164,MEKSKKEQMKELEKMRADFQRDLELQKKQIVDRAQSEIARLREEEENHHGGGDDDESEDEEMENDSDVNLSDE,0.2604825720191002,0.5205479452054794,-0.1917808219178082,2.743835616438356,2.0361607520343803,3.1301411912083195,0.0136986301369863,0.2191780821917808,0.2465753424657534,0.0,0.8249844167601814,8648.400000000009,25.264466442879023,0.4165787
165,ARIGSDPLAYEPKEDLPVITIDPASPQSPESVDLVNEELKGKVLGLSRDPAKVAEEDEDDDGGIMMRSKETSSPGTDDVFTPAPSDSPSSQRIQRCLSDPGPHPEPGEGEPFFPKGQ,0.2707386612892151,0.30769230769230765,-0.11965811965811965,3.6452991452991452,3.834095754149546,4.4563384218039435,0.03418803418803419,0.2222222222222222,0.28205128205128205,0.1452991452991453,0.8894031427371492,12479.200000000028,35.88721603184446,0.4329582
166,CSVTELQEIDTQIEKSLRIVRSRKAELYADQLKKLKEKERELLNERKRLLEEVNMHHSSKGNTEGGHRTKHSSEVE,0.18790511041879654,0.40789473684210525,0.01315789473684209,3.2986842105263157,-0.6936705071521578,3.3808565550920604,0.013157894736842105,0.25,0.3157894736842105,0.0,0.8626620229669834,8920.400000000007,25.85347659182936,0.43209475
167,ARLHEALSQMWQLEAASRAAIENGSEEGLGDSAEVEEAPIEFPRDITMEETEPTRLNPNR,0.25706350803375244,0.31666666666666665,-0.15000000000000002,3.6950000000000003,1.3776071545747555,3.4090634782550593,0.03333333333333333,0.31666666666666665,0.26666666666666666,0.06666666666666667,0.8605536305054513,6690.000000000004,23.343057712321215,0.45617014
168,LRSRDNIYEYRDSPSTKTLASKAHTDTTSLRSPSSLAMTQKSSSQASLKS,0.1390555389225483,0.24,0.08,3.5179999999999993,0.4853441530006982,3.121159888783502,0.04,0.21999999999999997,0.46,0.04,0.7969257534649614,5487.000000000001,20.55005480588238,0.44476232
169,YRGSSFLDPKGRGGSTGYDNAVALPAGGRGDEEELVKENVKNTAASVGEI,0.23547162115573883,0.28,-0.04000000000000001,3.836,-0.5092391382790774,3.189473508539385,0.06,0.26,0.36,0.04,0.8545712097085564,5138.300000000002,19.91794311541175,0.44181657
170,TSGQAESSSGNEGAAPAKGRGRGRPPAAAKGVAKGAAKGAAASKGAKSGAESSKGGEQSSGDIEMADASS,0.3167114853858948,0.24285714285714285,0.04285714285714286,3.710000000000001,-1.168387936940976,3.5115630305225687,0.0,0.2857142857142857,0.4285714285714286,0.04285714285714286,0.7221298300130172,6419.400000000006,24.794384172280562,0.4452853
171,KGGSDQRDSAATVGEGGASGSEGGAKKGRGRGAGKKADAGDTSAEPPRRSSRLTSSGTGAGSAPAAAKGGAKRAASSSSTPSNAKKQATGGAGKAAATKATAAKSAASKAPQNGAGAKKKGGKAGGRKRK,0.25535840541124344,0.2692307692307693,0.16153846153846155,3.493846153846154,8.823391406713656,4.157283062916912,0.0,0.25384615384615383,0.43846153846153846,0.038461538461538464,0.7067706236778439,12052.200000000032,37.207088457483216,0.45439577
172,MSDAGRKGFGEKASEALKPDSQKSYAEQGKEYITDKADKVAGKVQPEDNKGVFQGVHDSAEKGKDNAEGQGESLADQARDYMGAAKSKLNDAVEYVSGRVHGEEDPTKK,0.12699012458324432,0.3669724770642202,-0.03669724770642202,3.2908256880733946,-0.11047070065446007,4.018112871325369,0.05504587155963303,0.23853211009174313,0.3119266055045872,0.027522935779816515,0.875902380693938,11691.700000000024,31.245169316999796,0.4341988
173,LVSTLGEKSGKGLKTCKSPGRKSKESSPKGRSSSASSPPKKEHHHHHHHSESPKAPVPLLPPLPPPPPEPESSEDPTSPPEPQDLSSSVCKEEKMPRGGSLESDGCPKEPAKTQPAVATAATAAEKYKHRGEGERKDIVSSSMPRPNREEPVDSRTPVTERVS,0.15242738276720047,0.3006134969325153,0.018404907975460127,3.2588957055214727,-1.2220537708802002,4.781700619758313,0.006134969325153374,0.17177914110429449,0.3374233128834356,0.1656441717791411,0.8461079900350811,17415.40000000001,43.35884984388937,0.44441366
174,HQQQQLQQQQHHLQQQQHQQQQQSLSQQPQQQQSQQSQAHSQQHQQQHQQQQQQQQPQQQQPQQHPPQQPQQQNSQQAIVGQSQQQVTSGQQK,-1.0,0.010752688172043012,0.010752688172043012,2.0741935483870964,0.0,3.6833426503854603,0.0,0.08602150537634409,0.8387096774193549,0.06451612903225806,0.4829440739326289,11078.400000000016,24.45439010145998,0.37396663
175,MEELSSVGEQVFAAECILSKRLRKGKLEYLVKWRGWSSKHNSWEPEENILDPRLLLAFQKKEHEKEVQNRKRGKRPRGRPRKLTAMSSCS,0.34755295515060425,0.36666666666666664,0.1,3.475555555555555,0.041692379361256374,3.7737150585157786,0.06666666666666667,0.24444444444444446,0.25555555555555554,0.044444444444444446,0.9083319744001201,10599.800000000016,27.550964427139085,0.4066546
176,KVRTQKGELGMSPPGSKIPKAPSGGAVEQKVGNTGGPPHTHGASRVPAGCPGPQPAPTQELSLQVLDLQSVKNGMPGVGLLARHATATKGVPATNPAPGKGTGSGLIGASGATMPTDTSKSEKLASRAVAPPTPASKRDCVKGSATPSGQESRTAPGEARKAATLPEMSAGEESSSSDSDPDSASPPSTGQNPSVSVQTS,0.1867305338382721,0.175,0.02500000000000001,3.8804999999999996,-0.7773845760497328,5.257018358250167,0.0,0.255,0.43000000000000005,0.13,0.8573931081351384,19635.999999999967,48.35882193669649,0.43071213
177,RGGGFGGRGGFGDRGGRGGRGGFGGGRGRGGGFRGRGRGGGGGGGGGGGGGRGGGGFHSGGNRGRGRGGKRGN,0.19727346301078796,0.2328767123287671,0.2054794520547945,3.2575342465753425,7.010638965819663,3.0537510291718077,0.0684931506849315,0.0,0.6986301369863014,0.0,0.3758422666586547,6476.500000000006,21.92816480186248,0.41238612
178,EEDAESEDEEEEDVKLLSISGKRSAPGGGSKVPQKKVKLAADEDDDDDDEEDDDEDDDDDDFDDEEAEEKAPVKKSIRDTPAKNAQKSNQNGKDSKPSSTPRSKGQESFKKQEKTPKTPKG,0.5576426982879639,0.5206611570247934,-0.15702479338842973,2.6,-1.7652834688537526,3.8644455200800367,0.01652892561983471,0.14049586776859505,0.25619834710743805,0.06611570247933884,0.8047103190913737,13325.500000000033,30.559637784957886,0.37520254
179,MDPGQQPPPQPAPQGQGQPPSQPPQGQGPPSGPGQPAPAATQAAPQAPPAGHQIVHVRGDSETDLEALFNAVMNPKTANVPQTVPMRLRKLPDSFFKPPEPKSHSRQASTDAGTAGALTPQHVRAHSSPASLQLGAVSPGTLTPTGVVSGPAATPTAQHLRQSSFEIPDDVPLPAGWEMAKTSSGQRYFLNHIDQTTTWQ,0.2534964457154274,0.125,-0.0049999999999999975,3.8105,-0.367619035318098,5.446277429135612,0.04,0.255,0.4100000000000001,0.17,0.8838664007014131,20835.69999999999,45.68275330909367,0.39120743
180,DPRKAMLSQMNVTAPTSPPVQQNMMNSASAMNQRISQSAPVKQPPPLAPQSPQGGVMGGSNSNQQQQMRLQQLQMEKERLRLKQQELLRQVRPQELALRSQLPTLEQDGGTQNPVSSPGMSQE,0.1701774299144745,0.1626016260162602,0.03252032520325203,3.540650406504065,-0.13389021166709078,4.427877103178781,0.0,0.2845528455284553,0.43902439024390244,0.11382113821138211,0.8370168854036026,13561.000000000035,35.18423672799856,0.42269945
181,ISSTTLAAPSTTQSIAVPASNSTPVQEQPTAQSDTYGQAASTLVSGSSIEQMVQQIMEMGGGSWDKETVTRALRAAYNNPE,0.19437441229820251,0.12345679012345678,-0.04938271604938271,4.106172839506173,0.2618538983367953,4.051317071643624,0.037037037037037035,0.30864197530864196,0.4691358024691358,0.06172839506172839,0.872285905559656,8431.50000000001,26.621422290802002,0.43782148
182,LNEPVQEAGGQGGGGGGGSGGIAEAGSGHMNYIQVTPQEKEAIERLKALG,0.1486343890428543,0.18,-0.06,3.9859999999999998,0.13444457890808964,3.331802170331947,0.02,0.27999999999999997,0.48,0.04,0.8064023568692932,4876.5999999999985,19.48812281080189,0.44211408
183,MQSMKETASNIAASAKSGMDKTKATLGEKAEKMTTRDPLQKEMATQKKEERINEAEMQKREAREHNAAMKEASGAGTGTGLGLGSATHSTTGQVGHGTGTHQMSALPGHGTGQPTGHVVDGTAATEPIGTNTGTGRTTAHNTRVGGGTTGYGTGGGYTG,0.06816928088665009,0.20125786163522014,0.012578616352201269,3.645911949685535,-0.0882225964974978,4.6072110984070935,0.012578616352201259,0.2389937106918239,0.5220125786163522,0.025157232704402517,0.8495672918081797,16111.800000000007,39.285131248238905,0.42731535
184,MQSMKETASNIAASARAGMEKTKATVEEKAEKMKTRDPVQKEMATQKKEDRINQAELEKREAREHNAAAKEAAGAGLGTPGYTAKGSGGLGSATHSTTGRIGHGTGAHQMSALPGHGAGQPTGDVVEGTETAAPIGTNTGTGRTTAHNTRAGGGTTGFTTGGGYSG,0.084820456802845,0.22289156626506024,0.01807228915662651,3.679518072289157,-0.060059141038352575,4.636858088132392,0.01807228915662651,0.25903614457831325,0.46987951807228917,0.030120481927710843,0.8536093961627806,16722.500000000004,40.25174386675785,0.4287082
185,MEAMKETAANVGASAISGKEKTKAVVQEKMERMTAHDPMEKEMATKKKEERINQAELNKQEAKEQNAAARQGASTTGTDKPHSYSTTGRTGNPTGAHQMSALPGHGTGAPTGQVTEGVVESRPIGTATGTKRTTVAHNTHAEREVNKGYGTGGAYN,0.0831039547920227,0.25,0.019230769230769232,3.5,-0.013332827625409544,4.526590328043907,0.019230769230769232,0.26282051282051283,0.4294871794871795,0.038461538461538464,0.8729314604840763,16436.50000000001,39.26025179895034,0.42126787
186,MQAMKETASNFAASAKSGMEKTKAVAQEKMERMTADNPTEKEMATEKKKERINEAEMNKQEARDKNAAARQGYSTTGTEKTHSYSTTGATGHPTGAHQMSALPGHGSGEPAGQVVEGVVQSHPIGTATGTQRSSAAHNTHGGGGVNTGYGTGGSYS,0.07374970242381096,0.21153846153846154,0.006410256410256415,3.5275641025641025,-0.15037899393115914,4.557920483758248,0.03205128205128205,0.24358974358974358,0.4807692307692307,0.03205128205128205,0.8734149799823585,16173.400000000009,38.49116620665739,0.414604
187,MQGAKKAGEAMKETAANVGASAKSGMEKTKATVQEKTDRMRARDPLQKEMATQKKDERMNQAELDKQAAREHNAAAKQSATAGHMGQGHYTTGTGTGTATYSTTGEYGQPMGVHQTSAVPGHGTGQPTGHVTEGVVGSQPIGTNRDPGGTATAHNTRVGGNPNEYGYGTGGTYS,0.0819761622697115,0.20114942528735633,0.017241379310344834,3.492528735632184,-0.2657457269299484,4.70375986716098,0.034482758620689655,0.23563218390804597,0.4885057471264368,0.040229885057471264,0.8681336478226139,17980.89999999999,40.3993195175792,0.40525997
188,MQSMKETASNIAASAKSGMDKTKATLEEKAEKMKTRDPVQKQMATQVKEDKINQAEMQKRETREYNAAMKEAAGAGTGLGLGTATHSTTGQVGHGTGTHQMSALPGHGTGQLTDRVVEGTAVTDPIGRNTGTGLTTTAHNTHVGPGPYGTGGGYSG,0.05494062788784504,0.20512820512820512,0.01282051282051283,3.7153846153846146,-0.1611229695315793,4.659420795442604,0.019230769230769232,0.26282051282051283,0.4807692307692307,0.03205128205128205,0.877930021018131,16097.80000000001,39.049825211579076,0.42761755
189,MQSMKETASNIAASAKSGMDRTKATLEEKAEKMTTRDPVQKQMATQNKEGKINQAEMQKREAREHNAVMKEASGAGTGTGLGLGSATHSTTGHVGHGTGTHQMSALPGHGTGQPTGHVVEGTAVTKPIGTNTGTGRTTAHNTHVGGGTTGYGTGGGYTG,0.06349942833185196,0.17610062893081763,0.025157232704402524,3.6886792452830197,0.22960958076635182,4.651894078855311,0.012578616352201259,0.2389937106918239,0.5471698113207547,0.025157232704402517,0.8529806392397328,16141.900000000009,39.229414676882605,0.42751932
190,MQSMNETASNIAASAKSGMDKTKATLEEKAEKMTTRDPIQKEMATQKKEGRINQAEMQKREAREHNAAMKEASGAGTGTGLGLGTATHSTTGHVGHGTGTHQMSALPGHGTGEPTGHVVDGTAVTEPIGTNTGTGRTTAHNTRVGGGTTGYGTGGGYTG,0.07766206189990044,0.1949685534591195,0.006289308176100641,3.670440251572327,-0.22751455610805177,4.616524199516031,0.012578616352201259,0.2389937106918239,0.5283018867924528,0.025157232704402517,0.8512825985392024,16149.700000000008,39.209181982487316,0.4269551
191,MQSMKETASNIAASAKSGMDKTKATLEEKAEKMTTRDPLQKEMATQKKEGRINEAEMQKREAREHNAVMKEASGAGTGTGLGMGTATHSTTGHVGHGTGTHQMSALPGHGTGQPAGHVVDGTAVTEPIGTNTGTGRTTAHNTRVGGGTTGYGTGGGYTG,0.07167589478194714,0.20125786163522014,0.012578616352201269,3.6823899371069184,-0.07610630997044143,4.623370047246694,0.012578616352201259,0.24528301886792453,0.5157232704402516,0.025157232704402517,0.8514358260511496,16179.800000000007,39.324679702142326,0.42753017
192,MQSAKEAVSNIAASAKSGMDKTKATLEEKAEKMKTRDPVQKEMATQRKEGKINQAEMQKRETQEYNAAMKQAAGGGTGTGVGLGTATHSTTGQVGHGTGTHQMSALPGHGTGHPTGHVVEGTAVTEPIGTNTGTGRTTAHNTRVGGGGTTGYGTRGGYTG,0.08639292418956757,0.19374999999999998,0.031249999999999986,3.6606250000000005,0.3436654126179214,4.645218486836102,0.01875,0.2375,0.525,0.025,0.8483388213107079,16268.000000000007,39.14322860192657,0.4250923
193,MQSIKETAANIAASARSGLEKTKATLEEKVERATAHDPVQKDMATQKKEERIRQAELEKQEARENNAAARQGGGDGGFTAKGSGGHMASGTHTYSTTGQMGQPTGAQQMSALPGHGTGQPTAQVDDGRVQAYPVGVNTGVGGSKSHNTRVEGNPHAYGTGGTYS,0.07316238060593605,0.21341463414634146,0.0060975609756097615,3.5701219512195124,-0.1304350646588759,4.593943458200257,0.03048780487804878,0.25,0.4695121951219512,0.036585365853658534,0.8927097258378157,16978.800000000003,38.79668862118293,0.40722385
194,MQLITAKAHQAKAIRVKLKLIKLLKKEKEREKMQGAKNTGQSIKEKAANVGASAQAGLEKTKATVQEKAEKMSTRDPVQKQMATQKKEHKTNQAEMEKQAAYNQNAAHKEAARAEDIAPGYYGTATHSTTGQHGHPTGGHQMSALPGHGTGQPTGQVTEGVIGSHPIGTNTGTTQTSTTTTARNTRAGVNPNDPRYGHGTGGSY,0.11101141199469566,0.22058823529411764,0.06372549019607843,3.501470588235294,2.0305833013617716,4.9497208303695786,0.024509803921568627,0.2598039215686274,0.4558823529411764,0.0392156862745098,0.8855672783255197,21672.499999999967,45.464078142053545,0.41878316
195,MQAIKEKAANVAASAKSGMEKTKATMQEKVDRAAANNPTEKEMATERKEQKVNQAEFDKRAAQEHNAAARNATKNTGQPHTYSTTGAPGHPTGTHQQSALPGHGTGQPTGQVTEGVVESHHIGTATGTGRTNAAHNTHVGAATNIGGSYT,0.08614100515842438,0.19333333333333333,0.01999999999999999,3.528666666666667,-0.0523556193444675,4.500517632786097,0.02,0.26666666666666666,0.48000000000000004,0.04,0.8667069814757412,15580.60000000002,37.7280921038289,0.40757
196,MQAGKNVAESMKESAANVAASAKSGMEKTKATVQEKVEKMKAHDPTEKEMAAEKKEQRKAEAELNKREAREHNAAVREASKTGVNAGGHTGYSTTGVETATYSTTGIEGQPTGAHQMSALPGYGTGQPAGQVTEGTVGSHPIGTGTGTGRTTAHNTRVEGTGTPGYGTGGSYS,0.0670410804450512,0.2254335260115607,0.005780346820809246,3.61271676300578,-0.22486794736147833,4.732705482789327,0.028901734104046242,0.24855491329479765,0.4624277456647399,0.03468208092485549,0.8525599414143529,17726.09999999999,41.145311175894236,0.41323906
197,MQAIKEKAANVAASAKSGMEKTKATMQEKVDRATANNPTEKEMATERKEQRVNQAEFDKRAAQEHNAAARNATKNTGQPHTYPTTGAPGHPTGTHQQSALPGHGTGQVTEGVVESHPIGTAAGTGRTSAAHNTHVGAATNIGGSYTQD,0.09041504561901093,0.20270270270270271,0.013513513513513514,3.5297297297297296,-0.2799808286527861,4.484127684426971,0.02027027027027027,0.2702702702702703,0.4594594594594595,0.0472972972972973,0.8739324640912169,15411.300000000021,37.46319154571868,0.4153226
198,MQTAKNAAASVKETAANVAASAKSGMEKTKATLQEKGERMTAHDPTQKEMATEKKEARKDQAEYEKQVERDQNAVQRQAVEATGTHSYSTTGATGHPMGSHQMSALPGHGTGQPAGDVVEGVVGSHPIGRNTGTGQSVAGNNPRTGGGAGGYGTGGAYR,0.08598845079541206,0.2138364779874214,0.012578616352201255,3.5836477987421387,-0.14189050362612704,4.572308636762579,0.025157232704402517,0.2641509433962264,0.4591194968553459,0.03773584905660377,0.8711087922855635,16308.700000000008,38.910363424966626,0.41158673
199,MQAIKEKAANVAASAKSGMEKTKATMQEKVDRATANNPTEKEMATERKEQRVNQAEFDKRAAQEHNAAARNATKNTGQPHTYSTTGAPGHPTGTHQQSALPGQPTGQVTEGVVESHPIGTAAGTGRTNAAHNTHVGAATNIGGSYT,0.08611004799604416,0.19863013698630136,0.02054794520547945,3.541095890410959,-0.04645214523824522,4.464792964911949,0.02054794520547945,0.273972602739726,0.4589041095890411,0.04794520547945205,0.8707363879577859,15216.000000000022,37.3241284167589,0.40973786
