Construct,sequence,kappa,FCR,rg,NCPR,hydropathy,SCD,SHD,aromatic,aliphatic,polar,proline,complex,MW,re,prefactor,scaling_exponent,asphericity
IDRBS-001,SNRQLERSGRFGGNPGGFGNQGGFGNSRGGGAGLGNNQGSNMGGGMNFGAFSINPAMMAAAQAALQSSWGMMGMLASQQNQSGPSGNNQNQGNMQREPNQAFGSGNNSYSGSNSGAAIGWGSASNAGSGSGFNGGFGSSMDSKSSGWGM,0.125752006,0.060402685,31.80319969,0.020134228,3.809395973,0.070230665,4.631447761,0.080536913,0.201342282,0.630872483,0.026845638,0.760676644,14651.5,73.6918457,6.671777,0.5086194,0.40159333
IDRBS-002,MASNDYTQQATQSYGAYPTQPGQGYSQQSSQPYGQQSYSGYSQSTDTSGYGQSSYSSYGQSQNTGYGTQSTPQGYGSTGGYGSSQSSQSSYGQQSSYPGYGQQPAPSSTSGSYGSSSQSSSYGQPQSGSYSQQPSYGGQQQSYGQQQSYNPPQGYGQQNQYNSSSGGGGGGGGGGNYGQDQSSMSSGGGSGGGYGNQDQS,-1,0.02,32.38999807,-0.02,3.063,0.308358152,5.03473772,0.13,0.03,0.765,0.055,0.63472766,20326.9,71.80326605,8.93238,0.4224345,0.31970716
IDRBS-003,GNPIKVSFATRRADFNRGGGNGRGGRGRGGPMGRGGYGGGGSGGGGRGGFPSGGGGGGGQQRAGDWKCPNPTCENMNFSWRNECNQCKAPKPDGPGGGPGGSHMGGNYGDDRRGGRGGYDRGGYRGRGGDRGGFRGGRGGGDRGGFGPGKMDSRGEHRQDRRERPY,0.101655643,0.265060241,34.31879147,0.096385542,3.059638554,5.336187951,4.17340965,0.078313253,0.060240964,0.506024096,0.06626506,0.761518636,16827.4,79.51298922,6.579241,0.49893296,0.3798043
IDRBS-004,MSRAALPSLENLEDDDEFEDFATENWPMKDTELDTGDDTLWENNWDDEDIGDDDFSVQLQAELKKKGVAAN,0.40819028,0.394366197,25.40192144,-0.253521127,3.445070423,6.714073403,3.583427474,0.084507042,0.253521127,0.23943662,0.028169014,0.863625052,8104.4,58.86681856,7.0067854,0.55052453,0.4265991
IDRBS-005,RDEISLDSAKKAACEFSETDVTNTEHHQPSNNDLNTTEKRAAERHPEKYQGSSVSNLHVEPCGTNTHASSLQHENSSLLLTKDRMNVEKAEFCNKSKQPG,0.129013509,0.28,29.36573505,-0.04,3.315,-0.230727719,3.878125971,0.03,0.2,0.42,0.04,0.918226375,11131.7,71.04639053,6.2473326,0.5502316,0.4140254
IDRBS-006,HNSKAPKKNRLRRKSSTRHIHALELVVSRNLSPPNCTELQIDSCSSSEEIKKKKYNQMPVRHSRNLQLMEGKEPATGAKKSNKPNEQTSKRHDSDTFPEL,0.300528914,0.32,30.71427345,0.1,3.149,1.323120895,3.843395439,0.02,0.2,0.37,0.07,0.909406056,11453.7,74.12728786,6.580451,0.54453826,0.43721682
IDRBS-007,MEEPQSDPSVEPPLSQETFSDLWKLLPENNVLSPLPSQAMDDLMLSPDDIEQWFTEDPGPDEAPRMPEAAPPVAPAPAAPTPAAPAPAPSWPLSSSVPSQKT,0.233648852,0.196078431,34.11571133,-0.137254902,3.928431373,3.623717873,4.767667166,0.049019608,0.294117647,0.235294118,0.225490196,0.82362292,10872.9,81.44535641,6.955881,0.5649339,0.43780226
IDRBS-008,KKPLDGEYFTLQIRGRERFEMFRELNEALELKDAQAGKEPGGSRAHSSHLKSKKGQSTSRHKKLMFKTEGPDSD,0.213610649,0.378378378,24.76998056,0.054054054,3.217567568,-0.411074744,3.504651857,0.067567568,0.189189189,0.324324324,0.040540541,0.884229007,8442.1,58.29491839,6.4973145,0.538367,0.42520222
IDRBS-009,NTAGTSLPSVDLLQKLRLTPQHDQIQTQPLGKGAMVASFSPAAGQLATPESFIEPPSKTAAARVAASASLSNMVLAPLQSMQQNQDPEVFVQPKVLSSAIPVAGAPLVTATTTAVSSVLLAPSVFQQTVTRSSDLERKASSPSPLTIGTPESQRKPSIILSKSQLQDTLIHLIKNDSSFLSTLHEVYLQVLTKNKDNHNL,0.179260381,0.14,47.23915887,0.01,4.4075,-0.123919474,5.503618247,0.03,0.355,0.39,0.085,0.887652871,21163.8,112.3323904,6.24697,0.56893665,0.42804337
IDRBS-010,MGDEDWEAEINPHMSSYVPIFEKDRYSGENGDNFNRTPASSSEMDDGPSRRDHFMKSGFASGRNFGNRDAGECNKRDNTSTMGGFGVGKSFGNRGFSNSRFEDGDSSGFWRESSNDCEDNPTRNRGFSKRGGYRDGNNSEASGPYRRGGRGSFRGCRGGFGLGSPNNDLDPDECMQRTGGLFGSRRPVLSGTGNGDTSQS,0.25610669,0.285,36.24036893,-0.015,3.227,-1.393159805,4.467334979,0.1,0.1,0.45,0.045,0.877875355,21759.7,83.08527607,7.8931265,0.4699704,0.35390514
IDRBS-011,GVDPALSDPVLARRLRENRSLAMSRLDEVISKYAMLQDKSEEGERKKRRARLQGTSSHSADTPEASLDSGEGPS,0.25832805,0.351351351,24.94020975,0,3.536486486,-0.964272058,3.388351417,0.013513514,0.283783784,0.297297297,0.054054054,0.862162762,8104.2,60.35066359,6.2084465,0.5575082,0.41652507
IDRBS-012,GPTQAAPGVRVEEEEWAREIGAQLRRMADDLNAQYERRRQEEQHRHRPSPWRVM,0.198173143,0.37037037,19.2052252,0,3.012962963,-0.979110716,2.835855896,0.055555556,0.259259259,0.240740741,0.074074074,0.852309301,6479.9,46.29723219,6.7946205,0.49797922,0.38812047
IDRBS-013,MKHPYEEFPTGSKSPYNMSRGAHPGAVLLSPQSSAINKNNPGSNSGNNQGNSSVTANVLSPQSHSMSLNDMLDQQSFMLDTAGTRAQPLQQQQQQQQQQQQASLPSLNIQTVSSTAAGSAIVSPMMQSPKALQSTLSSTSMYLDSFQRSPNNILGIPSQSGSIPLPQSRQSQQQSQSQKNDPNMGTNFSQDINQLCSWIS,0.22852236,0.085,43.72053091,0.005,3.7325,-0.174624133,5.176764224,0.04,0.24,0.55,0.08,0.87212787,21502.5,101.7750971,6.570359,0.5467449,0.41534665
IDRBS-014,DGAGEGPAQSLTEQMKKIALESVGQPEELMESDNCSGGDDDWTHLSSKEVDPSTGELQSLQMPESEGPSSLDPSQEGPTGLKEAALYPHLPPEADPRLIE,0.168173932,0.27,32.96157598,-0.17,3.64,7.078990987,4.2890312,0.02,0.24,0.35,0.11,0.872207676,10593.2,81.08242989,6.228134,0.57479626,0.4408414
IDRBS-015,KVPAQESQDVSGSRPAAPLIGAPANSEDTHLVDPKTDPSDSQTGLAEQCAGIRKRPATDDSSTQNKRANRTEENVSDGSPN,0.29433462,0.271604938,27.29948902,-0.049382716,3.35308642,-0.126255536,3.645465681,0,0.222222222,0.395061728,0.098765432,0.878284216,8469.2,65.83397484,6.2417355,0.5638704,0.4375178
IDRBS-016,PPETWLQNERELKRERRKQSNRESARRSRLRKQAETEELARKVEALTAENMALRSELNQLNEKSDKLRGANATLLDKLKCSEPEKRVPANMLSRVKNSGAGDKNKNQ,0.146256812,0.401869159,31.84417303,0.08411215,3.068224299,1.537157365,3.643818731,0.009345794,0.261682243,0.280373832,0.037383178,0.841812105,12357.5,74.09204492,6.374938,0.55921656,0.42645493
IDRBS-017,RTYMDVMREQHLTKEEREIRQQLAEKAKAGELKVVNGAAASQPPSKRKRRWDQTADQTPGATPKKLSSWDQAETPGHTPSLRWDETPGRAKGSETPGATP,0.188492514,0.32,30.01271486,0.04,3.177,-0.259108771,3.929320841,0.04,0.22,0.33,0.09,0.896482963,11145.9,71.61787033,6.619193,0.5435676,0.41536027
IDRBS-018,MPLPVALQTRLAKRGILKHLEPEPEEEIIAEDYDDDPVDYEATRLEGLPP,0.484767124,0.36,21.25102096,-0.16,3.862,-0.277985683,3.393074547,0.04,0.34,0.12,0.14,0.831899195,5678,51.4738247,6.6714106,0.5382584,0.44624805
IDRBS-019,PNSVVTKSAKKLRSSNADAEEKLDRSHDKSDRGHDKSDRSHEKLDRGHDKSDRGHDKSDRDRERGYDKVDRERERDRERDRDRGYDKADREEGKERRHHRREELAPYPKSKKAVSRKDEELDPMDPSSYSDAPRGTWSTGLPKRNEAKTGADTTAAGPLFQQRPYPSPGAVLRANAEASRTKQQD,0.093755744,0.47027027,42.47971625,0.027027027,2.580540541,0.190649391,3.990698849,0.037837838,0.156756757,0.275675676,0.059459459,0.865260497,21255.8,99.57709334,6.333004,0.546706,0.4142517
IDRBS-020,MSDEAKEKRELESQKESSHNKSEKSVEPKPKRRRRRNYDDYDAEVAKEETKAKNGLTKSENNGTVEDSESDMDDAKLDALMGNEGEEEEDDLAEIDTSNIITSGRRTRGKVIDYKKTAEELDKKEPSTGSKDDVGYGEKEEDDEDEEDDDFKE,0.319642052,0.522875817,37.4829727,-0.14379085,2.71503268,6.520314617,4.028989956,0.032679739,0.169934641,0.254901961,0.019607843,0.846130152,17458.2,91.11409485,6.044423,0.5187388,0.39629382
IDRBS-021,MNIVPQDTFKSQVSTDQDKSVLSSAVPSLPDTLRQQEGGAVPLSTQLNDRHPLESTLKNWETTQRQRQMEQYRQIFGIAEPMKRTMEMEIVNRTDFNPLSTNGSIHRDILLNKECSIDWEDVYPGTGLQASTMVGDDVHSKIEKQLGI,0.12971963,0.243243243,36.54325272,-0.040540541,3.809459459,0.479924304,4.641375231,0.047297297,0.27027027,0.378378378,0.054054054,0.950674245,16750.4,87.83906205,6.5655775,0.5345753,0.4040511
IDRBS-022,LNMEDLMEGNHHLLSDSSEAGSSSEGEHISSIPTRGEIAKLKAQKSLSRRKISESDVTTERDYVKLLDSEDKREIMETIRLNGGLKRNNEKEITNFSDDE,0.216449581,0.37,30.14610767,-0.07,3.48,0.608896882,3.817111732,0.02,0.25,0.35,0.01,0.875450887,11284.1,71.61446571,5.947447,0.55546147,0.42904586
IDRBS-023,MQGFQDEMLALTDNQIAIQKDSKRKIIEKAINEVPYRTNEEWETQLLSKGNINKSNEKIITPLPVLFPDDDESGNSIERINEMVSKICLQRKKVEMRLQALEKTKIDLEKSKASLINKLIGN,0.188666247,0.327868852,34.33173441,0,3.840163934,-1.083876739,4.400266041,0.032786885,0.319672131,0.278688525,0.032786885,0.904967965,14018.4,80.99147356,6.2963448,0.5566354,0.42385352
IDRBS-024,MKLPVAQYSAPDGVEKSFAPIRDDPRYMTTEGRTTGPSDHVLNAGQIDRDKPSEPERTKDGSQLTYLGQLRTQLTGLQDDINEFLTGRMELAKNKKKAGADEKRIQEEINQLLDGGDGDEDAV,0.185845472,0.333333333,34.27605796,-0.056910569,3.494308943,0.477856832,4.227807299,0.040650407,0.25203252,0.317073171,0.056910569,0.915908862,13596.3,81.93764007,6.256486,0.5318542,0.42412254
IDRBS-025,NAGTEKEKESKKDSKPAFSFGISNGSESKDSDKPSLPSAVDGENDKKEATKPAFSFGINTNTTKTADTKAPTFTFGSSALADNKEDVKKPFSFGTSQPNN,0.063990941,0.3,30.77318668,-2.78E-17,3.389,-0.234624923,4.159269672,0.08,0.15,0.4,0.07,0.818561124,10582.8,73.2614994,6.045705,0.56210434,0.43200594
IDRBS-026,MSENIGHININANLQNVDRRDAAAIQSVERKLLGYNPPGGLASEAQSAAALNEGIGQPMNRGISTDIPAPADIDVDRGTASKDFGHVRFDVDLNQVRPEEAAALQAAESKIEGLAPSITVGGIGSAAQSMAAFNEREQSETGPFHPGIKATEPLPGPTYYQGVELSPSALPTYAPDVSVFPPSLSTNTSNVGAVPPSITT,0.106289744,0.175,45.69850274,-0.055,4.2045,1.88813143,5.31042394,0.045,0.33,0.355,0.095,0.913411807,20735.1,108.4026182,6.364832,0.5549127,0.41193962
IDRBS-027,MSESGQEQNRGTNTSPNNAENNNNSNAASGPLNGGAEQTRNITVSIQYSYFTPERLAHLSNISNNDNNENNSAASGSTIANGTGPSFGIGNGGHQPDGALVLSFRDVPASTPQDRLNSFISVAAQLAMERFNRLLNRPKGISKDEFDKLPVLQVSDLPKAEGPL,0.125234995,0.170731707,37.82290416,-0.024390244,3.782926829,0.050972555,4.754550242,0.048780488,0.256097561,0.457317073,0.067073171,0.901483866,17373.6,91.52559014,6.618269,0.5337683,0.4044296
IDRBS-028,QKISESVGVQRAAQQDTDEVAANEAAFERIRRVLYDPTAVNSTNENSSAPSENTSNTTVPTIGNASSGEQMLSRTGFFLVPQNGQPLHNPVRLPPNDSDRNGVNGPSSTTQNPPSNSGGSNNNQSPRWVP,0.219475828,0.161538462,34.96095616,-0.023076923,3.559230769,-0.272915901,4.401484876,0.038461538,0.215384615,0.484615385,0.1,0.885326525,13827.3,81.61923168,6.704463,0.5397339,0.41796517
IDRBS-029,MSVYFPIHCSDYLRSAEMTEVMMNAPSMEEIGLSPRKDGLSYQIFPDPSDFDRCCKLKDRLPSIVVEPTEGEVESGELRWPPEEFLVQEDEQDNCEETTNEKKDQ,0.212409414,0.333333333,33.07171561,-0.142857143,3.700952381,4.844833133,4.240689337,0.076190476,0.228571429,0.238095238,0.085714286,0.938531399,12132.8,79.15500632,6.608823,0.54963076,0.4124822
IDRBS-030,TPVTIENFLSWKAKFDAELLEIKKKRMKEEEQAGKNKLSGKQLFETDHNLDTSDIQFLEDAGNNVEVDESLFQEMDDLELEDGEDDPDYNPVAPGSDSSD,0.324846551,0.38,30.90370178,-0.18,3.503,4.526479158,4.071173833,0.07,0.24,0.27,0.04,0.896095442,11330.7,75.62563419,6.47482,0.5502437,0.41460562
IDRBS-031,SHRPIKGILKNKTSAASPPVVPSAEQPRPIVEEELSKKSQKWDEMNILAT,0.323025912,0.28,21.44304537,0.04,3.768,-0.733743147,3.428790784,0.02,0.3,0.28,0.12,0.881754924,5535,52.25739868,6.6175737,0.5643092,0.46361908
IDRBS-032,YHPADKDYGLMKIDEPNTPYHNMIGDDEDAYSDSEGNEVMTPDILAKKLAAAEGSEPKYRTREQESSGEEDNDLSPEEREKKRQFEMKRKLHYNEGLNIKLARQLISKDLHDDDEDEEMAETADGDSMNVEESSQGSTTSDHLQHKSQSS,0.293149024,0.38,37.19638871,-0.14,3.083333333,8.386739927,4.308429005,0.046666667,0.213333333,0.32,0.04,0.906731764,17059.8,88.69012641,6.505062,0.54466826,0.4137729
IDRBS-033,METLKSKTKTRVLPSWMTAPVDERKVVSVKTATRKQTAAWAQRVGAATRAPATETVYCMNEAEMVDVALGILIEGRKQEKPWEQRSLEATDKLQLSPPCSSSPGSSSEEEDSRISSLAPGLSPPRGPEASDSPCSRSPEEEKEEEDALKY,0.205988444,0.306666667,38.82653913,-0.026666667,3.724,-2.388466888,4.637400063,0.033333333,0.273333333,0.28,0.086666667,0.891921745,16400.1,93.87236062,6.592513,0.54816335,0.41451615
IDRBS-034,MLWQKSTAPEQAPAPPRPYQGVRVKEPVKELLRRKRGHTSVGAAGPPTAVVLPHQPLATYSTVGP,0.291378841,0.184615385,25.2779094,0.092307692,3.96,0.603822986,3.859346041,0.046153846,0.307692308,0.292307692,0.169230769,0.847730098,7002.9,60.88317995,6.967821,0.55037475,0.426907
IDRBS-035,MDVFKKGFSIAKEGVVGAVEKTKQGVTEAAEKTKEGVMYVGAKTKENVVQSVTSVAEKTKEQANAVSEAVVSSVNTVATKTVEEAENIAVTSGVVRKEDLRPSAPQQEGEASKEKEEVAEEAQSGGD,0.129211605,0.31496063,35.87962242,-0.047244094,3.97007874,-0.253222198,4.432949471,0.023622047,0.330708661,0.31496063,0.015748031,0.816855937,13330.8,86.55989082,5.983426,0.5760172,0.43819448
IDRBS-036,MESSAKMESGGAGQQPQPQPQQPFLPPAACFFATAAAAAAAAAAAAAQSAQQQQQQQQQQQQAPQLRPAADGQPSGGGHKSAPKQVKRQR,0.354285002,0.111111111,27.83815669,0.044444444,3.614444444,-0.282864454,4.123939244,0.033333333,0.311111111,0.422222222,0.111111111,0.730879076,9218.9,65.96603977,6.595334,0.5370191,0.39844596
IDRBS-037,RRNERERNRVKLVNLGFATLREHVPNGAANKKMSKVETLRSAVEYIRALQQLLDEHDA,0.205142654,0.344827586,21.82845575,0.068965517,3.644827586,-0.692181939,3.189216148,0.034482759,0.344827586,0.25862069,0.017241379,0.885111752,6736.5,51.74150551,6.667758,0.53525555,0.4131698
IDRBS-038,ENFSRKRYRSVDLSKENDDRKQNENKSLKESETSGPTAAPMWAVAPPSRSGAGNTFWMLPVPTTAGNQMESSSNNNTAAGHRAPPMWPFVNSAGGGAGGG,0.175773486,0.2,29.27635193,0.02,3.542,-0.165169512,4.134425749,0.07,0.22,0.42,0.09,0.89856065,10607.8,67.72712231,6.8977213,0.51913035,0.40746295
IDRBS-039,GGAATHFMAGTGFSFPMDQYRGSPLQLGSFLAQPQPTQNLGLSMPDSNLGMLAALNSAYSRGGNANANAEQANNAVEHQEKQQQSDHDDDSREENSNSSE,0.208350345,0.16,28.74761581,-0.08,3.597,0.916311241,4.095579667,0.06,0.25,0.48,0.05,0.878762475,10609.5,67.78482437,6.636941,0.5289691,0.41158667
IDRBS-040,MQEQATSSLAASSLPSSSERSSSSAPHLEIKEGIESDEEIRRVPEFGGEAVGKETSGRESGSATGQERTQATVGESQ,0.136724889,0.272727273,26.44458304,-0.090909091,3.597402597,1.167687156,3.588626647,0.012987013,0.220779221,0.454545455,0.038961039,0.814141478,8023.8,63.23395279,6.017557,0.56655824,0.43460742
IDRBS-041,SSLMGPNGNSKTMINGSYNKRDLIRGRRGELFSAPASMRTSPTNSGHLRVSTAGLSSSSGSTSSSSSDSTMEELQAAIQAAIAHCKNSSAVDRDDKVKDS,0.156801634,0.21,29.8338151,0.03,3.837,-0.613430169,3.94371198,0.02,0.26,0.47,0.03,0.879814456,10405.3,71.46899223,6.156581,0.56061727,0.42699173
IDRBS-042,MAEEYKNTVPEQETPKVATEESSAPEIKERGMFDFLKKKEEVKPQETTTLASEFEHKTQISEPESFVAKHEEEEHKPTLLEQLHQKHEEEEENKPSLLDKLHRSNSSSSSSSDEEGEDGEKKKKEKKKKIVEGDHVKTVEEENQGVMDRIKEKFPLGEKPGGDDVPVVTTMPAPHSVEDHKPEEEEKKGFMDKIKEKLPG,0.164205149,0.43,46.16323075,-0.09,3.102,5.049275949,4.873686642,0.035,0.19,0.275,0.07,0.861934208,22849.6,112.5968231,6.1025686,0.5628155,0.40592283
IDRBS-043,MAEEIKNVPEQEVPKVATEESSAEVTDRGLFDFLGKKKDETKPEETPIASEFEQKVHISEPEPEVKHESLLEKLHRSDSSSSSSSEEEGSDGEKRKKKKEKKKPTTEVEVKEEEKKGFMEKLKEKLPGHKKPEDGSAVAAAPVVVPPPVEEAHPVEKKGILEKIKEKLPGYHPKTTVEEEKKDKE,0.144181624,0.448648649,45.83824147,-0.048648649,3.235135135,0.157857505,4.889015776,0.027027027,0.216216216,0.221621622,0.086486486,0.82530816,20779.1,110.6284957,6.1094055,0.5620784,0.41398764
IDRBS-044,GERHLLKNIKRRKTSSQTQTQSLEGEIHELRRDRMALEVELVRLRRKQES,0.309635237,0.42,19.6545506,0.1,3.172,0.12803621,2.736635284,0,0.26,0.32,0,0.821881457,6034.9,47.23588491,6.1412373,0.5481185,0.430616
IDRBS-045,SSDQRTLRRLAQNREAARKSRLRKKAYVQQLENSRIRLAQLEEELKRARQQGSLVER,0.294179663,0.403508772,21.6795045,0.157894737,3.133333333,1.728003575,2.773314454,0.01754386,0.298245614,0.280701754,0,0.776028343,6813,51.86548248,6.318717,0.5474681,0.43076432
IDRBS-046,ILLKGKKLGGLLPAGGENGSEATDVSDEVEAAEMEDEAVRSQVQHKPKEDKLKLVPEL,0.337295189,0.362068966,22.37760507,-0.086206897,3.905172414,-0.98780079,3.460329727,0,0.344827586,0.24137931,0.051724138,0.835128773,6190.9,55.57197626,6.376148,0.5649717,0.44347063
IDRBS-047,DRMKKLIEDPDKFYTPKTRPSGHDIGKSFSKDNGGSIPPNLLQISNSESNGQYLANCK,0.176104441,0.275862069,22.64180095,0.034482759,3.412068966,-0.132804588,3.481212652,0.068965517,0.172413793,0.379310345,0.086206897,0.901662414,6436.4,55.12433417,6.4533195,0.5556004,0.4406914
IDRBS-048,QISTIAESEDSQESVDSVTDSQKRREILSRRPSYRKILNDLSSDAPGVPRIEEEKSEEET,0.245038278,0.4,22.660631,-0.1,3.291666667,0.260224108,3.133090539,0.016666667,0.216666667,0.316666667,0.05,0.824794017,6820.1,54.60860127,6.377698,0.5614467,0.42769402
IDRBS-049,PIPELDDAVVESFFSSSTDSTPMFEYENLEDNSKEWTSLFDNDIPVTTDD,0.184172399,0.3,21.49551146,-0.26,3.836,6.373236088,3.417492101,0.12,0.2,0.3,0.08,0.829061674,5688.3,53.32622927,6.2018433,0.55702716,0.4545223
IDRBS-050,RARNTEAARRSRARKLQRMKQLEDKVEELLSKNYHLENEVARLKKLVGER,0.258120216,0.46,20.17790488,0.14,3.17,0.937499294,2.748854068,0.02,0.32,0.2,0,0.803952871,6012.7,48.42513747,6.2894344,0.5566518,0.45280945
IDRBS-051,MSSKEQKTPEGQAPEEIIMDQHEEIEAVEPEASAEQVDPRDEKVANLEAQ,0.195047207,0.38,21.91770318,-0.22,3.334,3.32326996,3.171412679,0,0.3,0.24,0.08,0.82499941,5591.6,52.75782001,6.3727045,0.5844601,0.4506068
IDRBS-052,KKLEEETEPAAMDRVKAEVRLMIQKARLEKKMSQADLAKQINERTQVVQE,0.16533912,0.42,20.71384252,0.02,3.548,-0.701791237,3.055092715,0,0.38,0.18,0.02,0.817537998,5836.5,50.0021107,6.2627993,0.5654027,0.4493563
IDRBS-053,QGSGGQTQTQSQATASATTGGATAQPQTKPKVRARRGQATDPHSIAERLRRERIAERMKSLQELVPNGN,0.219190218,0.231884058,24.84716122,0.086956522,3.357971014,0.536007555,3.331576756,0,0.246376812,0.463768116,0.057971014,0.850595396,7367.6,58.41859225,6.26054,0.5560522,0.43626422
IDRBS-054,TTMQSLCGSSSSTSSYYPLAISGIGETMAQDRALAALRNHKEAERRRRERINSHLNKLR,0.125148412,0.254237288,21.448369,0.084745763,3.7,0.192187254,3.157027787,0.033898305,0.288135593,0.389830508,0.016949153,0.875560267,6616.7,51.6237038,6.367133,0.53650224,0.42374867
IDRBS-055,PVLLEVEVDKKVPVLPMVAGGSGLDEFINFDPEVERQQTELRHKRTGGKH,0.273432255,0.32,20.33831915,-0.04,3.982,-0.859487871,3.350625548,0.04,0.3,0.26,0.08,0.880637021,5592,49.74872385,7.2280617,0.55968004,0.43844765
IDRBS-056,EKLLDTMNRLDDKYRELRSQLSNKSLAPEVHQQISKQLADRERELLPIYGQIS,0.050311692,0.339622642,20.95854558,0,3.541509434,-0.136983162,3.155568772,0.037735849,0.301886792,0.283018868,0.037735849,0.87250109,6260.3,50.8716577,6.5738764,0.55388874,0.43428925
IDRBS-057,SLVHMDIKPSNIFISRTSIPNAASEEGDEDDWASNKVMFKIGDLGHVTRI,0.484845832,0.26,19.59908366,-0.06,4.198,-0.621432659,3.340493051,0.06,0.32,0.32,0.04,0.911788858,5542,47.53626381,6.5860004,0.5469596,0.4256277
IDRBS-058,MSATAATVPPAAPAGEGGPPAPPPNLTSNRRLQQTQAQVDEVVDIMRVNVDKVLERDQKLSELDDRADALQAGASQFETSAAKLKRKY,0.241511941,0.261363636,28.67536053,-0.011363636,3.881818182,-0.698896271,3.972976749,0.022727273,0.352272727,0.272727273,0.090909091,0.882965163,9393.8,68.27814142,6.379897,0.55466926,0.41750616
IDRBS-059,DVDFGDSDNENEPDAYLARLKAEAREKEEDDDDGDSDEESTDEDFKPNENESDVAEEYDSNVESDSDD,0.273624912,0.544117647,27.72481397,-0.397058824,2.613235294,23.04012371,3.068932923,0.058823529,0.147058824,0.220588235,0.029411765,0.752677798,7681.9,69.91317731,5.827487,0.5936774,0.48854208
IDRBS-060,DSDASGGGGDSDGAKKKKEKKSEKKEKKEKKHKEKERTKKPSKKKKDSGK,0.149311982,0.66,21.21936699,0.22,1.82,1.75612433,2.667496507,0,0.04,0.28,0.02,0.600728079,5559.3,50.14144481,6.3117256,0.57137746,0.47167152
IDRBS-061,GGDSDNEKGGKSSKKRKTEPSPSKKANTSGSGFKSKEYISDDDSTSSDDEKDNEPAKKKSKPPSDGDAKKKKAKSESEPEESEEDSNASDEDEEDEASD,0.410518289,0.505050505,30.33471194,-0.101010101,2.365656566,-1.802305054,3.60797176,0.02020202,0.070707071,0.343434343,0.060606061,0.721069122,10607.2,70.20334109,6.6106005,0.53932667,0.43341282
IDRBS-062,HSSRPSQNIAAGLESPDQQAGAQILGQCGTGGSDEPSEPSRAEDPGPGPW,0.301269308,0.18,20.51346966,-0.1,3.476,0.400013798,3.274464877,0.02,0.18,0.46,0.14,0.818688642,5027.4,49.86558863,6.3125706,0.5626206,0.4359138
IDRBS-063,ATYNNATEQEGKTYIQGETPEQANARYLKRVGAANNQNPAAEDKGATTPASKEEAKKSEAAAKNAGKAAGKALPKTSAVK,0.181831598,0.275,26.91953305,0.05,3.41,-0.445135183,3.732104891,0.0375,0.3,0.3375,0.05,0.800184987,8276.3,64.43541765,6.0478477,0.567844,0.4314521
IDRBS-064,GAIQLTEALRMQMEVQKQLHEQLEVQRVLQLRIEEHAKYLEKMLEEQRKTGRWISSSSQTVLSPSDDSIPDSQNMSKTKASSPQPPLPAENKASETEDDKCESPQKRRRLENIAESEDPKR,0.197874531,0.338842975,33.94847274,-0.024793388,3.325619835,-0.346642163,4.167075755,0.016528926,0.256198347,0.314049587,0.066115702,0.898592956,13904.7,80.73555374,6.040679,0.55162776,0.43176207
IDRBS-065,EFCIPTSSTIEQQNSARIRQNTREHPSTANTVDRTNHQLENLEAETAPLP,0.267985776,0.22,20.02694667,-0.06,3.434,0.05866086,3.02391676,0.02,0.22,0.44,0.08,0.851065221,5644.8,49.53407163,6.5520496,0.5392659,0.4176202
IDRBS-066,MPRGFLVKRSKKSTPVSYRVRGGEDGDRALLLSPSCGGARAEPPAPSPVP,0.320051417,0.26,20.9930165,0.1,3.934,0.04486681,3.27661741,0.04,0.26,0.26,0.16,0.82791103,5245.7,51.54068984,6.367509,0.5668667,0.43385842
IDRBS-067,SSVSASSSPSPSTPTKSGKMRSRSSSPVRPKAYTPSPRSPNYHRFALDSPPQSPRRSSNSSITKKGSRRSSGSSPTRHTTRVCV,0.22228872,0.202380952,29.66105481,0.178571429,3.304761905,5.963634508,3.692986527,0.035714286,0.119047619,0.488095238,0.142857143,0.768228094,8975,71.47888699,6.5358076,0.5592707,0.44103068
IDRBS-068,ATIKRLKRSPDKQAAALPRRERNRQAAAASPENSRGKGRRGQRGKNRGCV,0.262316093,0.38,21.21188171,0.26,2.956,6.227059618,2.558386968,0,0.24,0.3,0.06,0.804734493,5525.3,52.33910962,5.897827,0.5883003,0.45031846
IDRBS-069,ATGFVKKDQLGKNEEGAPQEGILEDMPVDPDNEAYEMPSEEGYQDYEPEA,0.226024412,0.36,21.9384428,-0.24,3.244,3.705569001,3.302901878,0.08,0.22,0.24,0.1,0.85091626,5560.5,54.3171118,6.3480434,0.57349396,0.48109815
IDRBS-070,EENRTEAPEETEPERETPSAINGNPSWHLADSPAVNGATGHSSSLDAREV,0.188889459,0.28,20.69825998,-0.16,3.324,2.075558393,3.159080164,0.02,0.22,0.38,0.1,0.82150612,5341.9,51.47255693,6.622595,0.55893165,0.44590762
IDRBS-071,SGVNKSDKKVTPTEEKEQEAVSKSTSPAANSADTPNETGKRPLEEEKPPK,0.128785409,0.38,21.3586775,-0.02,2.904,-0.458868164,3.129396924,0,0.16,0.34,0.12,0.786935091,5352.1,52.74784638,5.98633,0.5863839,0.4620598
IDRBS-072,AMQECMQKYPDLYPQEDEDEEEEREKKPAEQAEETAPIEATATKEEEGSS,0.330999956,0.46,21.974271,-0.26,2.804,5.120621913,3.041815496,0.04,0.2,0.2,0.08,0.780068048,5748.6,53.80108938,6.605983,0.6028763,0.46280843
IDRBS-073,ILFKDNEKSCQNKESNKDDTKEAKESKENKEVSSPDDLELELENLEINDD,0.15858008,0.5,21.46882576,-0.18,2.856,1.96185114,2.908157335,0.02,0.18,0.26,0.02,0.76166463,5794.8,52.69814008,6.0138493,0.5730043,0.45694137
IDRBS-074,LCGRPGRGQTQQEEEEEDEDHGPDDYDEEDEDEVEEEETNRLPGGRSRVL,0.6889036,0.52,21.23326871,-0.32,2.468,3.69728077,2.645038813,0.02,0.1,0.28,0.06,0.758246202,5772.4,47.89254967,7.918749,0.5634002,0.46889552
IDRBS-075,QPYEKKAAKLKEKYEKDIAAYRAKGKPDAAKKGVVKAEKSKKKKEEEDDEEDEEDEEEEEEEEDEDEEEDDDDE,0.605239928,0.716216216,23.56450764,-0.256756757,2.148648649,-3.434140883,3.166691963,0.040540541,0.162162162,0.054054054,0.027027027,0.649378625,8710.7,59.48408623,7.5042276,0.43484348,0.37042892
IDRBS-076,MRVKGPSSRRKKKKILKLAKGYRGQRSRSYRRAKEAVMRALYYQYRDRKLRKREFRRLW,0.261753798,0.474576271,23.74378829,0.372881356,2.945762712,16.38548444,2.834419731,0.118644068,0.237288136,0.152542373,0.016949153,0.79719258,7458.1,58.67973677,5.8808727,0.5672988,0.45948106
IDRBS-077,LEEQKLQIQVELLELEKQRFRWQRFSKKRDQELERMRMENERMKLENDRMGLELKQRELGVE,0.128188893,0.483870968,22.36843501,0,3.108064516,-0.696238433,3.037960735,0.048387097,0.274193548,0.193548387,0,0.769312367,7867.2,53.06123323,6.7532434,0.5184389,0.41591412
IDRBS-078,NDHSDSSNKKRLCGNREAVRKYREKKKARTAYLEDEVMRLQSLNEQFLRKLQSQEMVETELIRLRALLVEMQ,0.280469216,0.388888889,24.5293667,0.055555556,3.452777778,-0.817268863,3.328635117,0.041666667,0.305555556,0.25,0,0.879160498,8644.2,57.36901702,6.4737644,0.533179,0.414218
IDRBS-079,LDGLHNELQTIGFQIETIGKKVSSKRIPYAPSGEIPKFSLQDPPNKKPKV,0.343218207,0.26,21.61048469,0.06,3.828,-0.581753174,3.541573438,0.06,0.24,0.32,0.12,0.888085736,5542.4,53.40843249,6.6703157,0.56479824,0.46506828
IDRBS-080,AEESSKIRAPTTMKKFEDSEKAKKPVRSMIETRGEKPKEKAKNSKKKGAKKEGSDGPLATSKPVPAEKSGLPVGPENGVELSKEELIRRKREEFIQKHGRGMEKSNKSTKSDAPKEKGKKAPR,0.156810693,0.447154472,36.61589107,0.12195122,3.003252033,4.78196776,4.138777542,0.016260163,0.195121951,0.260162602,0.081300813,0.831830473,13595.3,89.94336939,5.981781,0.5861211,0.43463877
IDRBS-081,LQAQNPLTESERRSMEDQIERLKNEKEGLLAELQNQEQERKEFELQVTTLKD,0.080547735,0.403846154,20.84994021,-0.096153846,3.107692308,0.657340786,2.979045695,0.019230769,0.25,0.307692308,0.019230769,0.815198208,6207.8,50.89879234,6.3612823,0.5567711,0.44401827
IDRBS-082,FGPLLPTESERSLMERVRQELKLELKQGFKSRIEDVREEIMRKRRAGKLPGDTT,0.172509015,0.425925926,21.27063837,0.055555556,3.514814815,-0.430426008,3.059673701,0.037037037,0.259259259,0.222222222,0.055555556,0.845122368,6350.2,52.17209498,6.3401527,0.560566,0.42743704
IDRBS-083,ESSDQAKEEEEKEEEEEERDSMMGQKIDGSEGEDIQIWGEEEVRRLMEIDA,0.185405165,0.549019608,21.14455875,-0.31372549,2.870588235,8.625558559,2.827950556,0.019607843,0.215686275,0.215686275,0,0.74030881,5988.9,53.33919855,5.8922825,0.5949525,0.46519977
IDRBS-084,VSPTRSVLPANWRQELESLRNGNGSSSAASSAPAPARSSSASWRDAAPASSAPARSSSASKKA,0.186637588,0.174603175,22.76649327,0.079365079,3.83968254,0.690201049,3.442933458,0.031746032,0.301587302,0.396825397,0.095238095,0.726004936,6323.7,56.2280906,6.1104136,0.56570715,0.4233325
IDRBS-085,VTPSRSALPSNWKQELESLRSSSPAPASSAPAPARSSSASWRDAAPASSAPARSSSSKKAVTPSRSALPSNWKQELESLRSSSPAPASSAPAPARSSSASWRDAAPASSAPARSSSASKKAVTPSRSALPSNWKQELESLRSNSPAPASSAPAPARSSSASWRDAPASSSSSSADKA,0.129326452,0.18079096,43.11977183,0.06779661,3.779096045,2.435528842,4.882175225,0.033898305,0.282485876,0.372881356,0.129943503,0.687565367,17846.7,102.9450332,6.254587,0.5615176,0.42980784
IDRBS-086,GSSVKRQSTARTRSFTETNRRTPSVQSKHEFWEDPDDGSDSENEYEGEEEDGIGNDLDNESDWEDDSRVQKLTTTDNYEEELAKEVEQLLEPEERVILQQNEKPNLKMIST,0.325913504,0.396396396,31.74452773,-0.162162162,2.988288288,2.480569364,3.850537324,0.054054054,0.162162162,0.351351351,0.036036036,0.894571972,12862.8,71.34151239,7.2389927,0.5421361,0.43410054
IDRBS-087,VTQVAKQERKKNRRGGAKRLDESEIEPENLVPEEWRDIQAEVNLTKKDKRKIAQEMEFGVRVEKKRQGLIPLRKVDLNDFLTYKEAKLAQLRPVILDKPGNFSDDSGASSDGETAVSSPSERVAPKNPRWAVYGKGFDHVAKFFNSDKYDPSDKKS,0.190035775,0.378205128,38.13775829,0.032051282,3.467307692,-0.340713508,4.536165898,0.070512821,0.25,0.243589744,0.057692308,0.918416379,17751.2,89.51218392,6.311795,0.54424316,0.42217875
IDRBS-088,EQVSHGTQNRPLLRNSLDDLVGPPSNLEGQSDERALLDQLHTLLSNTDATGLEEIDRALGIPELVNQGQAL,0.180582754,0.225352113,25.61044449,-0.112676056,3.957746479,1.499996408,3.709000533,0,0.323943662,0.394366197,0.056338028,0.838553125,7671.9,61.16492151,6.45308,0.5593024,0.43020627
IDRBS-089,QQQIQHRLQQAQLMRRRMATMNTRNVPQQSLPSPTSAPPGTPTQQPSTPQTPQPPAQPQPSPVSMSPAGFPSVARTQPPTTVSTGKPTSQVPAPPPPAQPPPAAVEAARQIEREAQQQQHLYRVNINNSMPPGRTGMGTPGSQMAPVSLNVPRPNQVSGPVMPSMPPGQWQQAPLPQQQPMPGLPRPVISMQAQAAVAGP,0.209202521,0.08,47.76403212,0.05,3.7135,1.765616729,5.498950338,0.015,0.27,0.415,0.22,0.813048037,21238.3,111.4811319,7.224824,0.54579026,0.4120777
IDRBS-090,VQPPRSISPSALQDLLRTLKSPSSPQQQQQVLNILKSNPQLMAAFIKQRTAKYVANQPGMQPQPGLQSQPGMQPQPGMHQQPSLQNLNAMQAGVPR,0.262315765,0.09375,30.84509381,0.072916667,3.782291667,1.137355633,4.39334677,0.020833333,0.302083333,0.4375,0.145833333,0.832554173,10495.5,74.50417615,6.431427,0.54668885,0.42145273
IDRBS-091,MTPSTPPRSRGTRYLAQPSGNTSSSALMQGQKTPQKPSQNLVPVTPSTTKSFKNAPLLAPPNSNMGMTSPFNGLTSPQRSPFPKSSVKRTLFQFESHDNGTVREEQEPLGRVNRILFPTQQNVDIDAAEEEEEGEVLLPPSRPTSARQLHLSLERDEFDQTHRKKIIKDVPGTPSDKVITFELAKNWNNNSPKNDAR,0.290323153,0.233502538,44.2624332,0.020304569,3.549746193,-1.453129552,5.076300987,0.050761421,0.21319797,0.385786802,0.116751269,0.920424159,21861.1,104.5209626,6.8733397,0.5299475,0.4035676
IDRBS-092,MSESSSKSSQPLASKQEKDGTEKRGRGRPRKQPPVSPGTALVGSQKEPSEVPTPKRPRGRPKGSKNKGAAKTRKTTTTPGRKPRGRPKKLEKEEEEGISQESSEEEQ,0.319093138,0.392523364,34.55314412,0.112149533,2.693457944,-0.019533841,3.836625732,0,0.112149533,0.373831776,0.121495327,0.799007934,11674.5,78.6008394,6.772231,0.56281203,0.4451399
IDRBS-093,MSARGEGAGQPSTSAQGQPAAPAPQKRGRGRPRKQQQEPTGEPSPKRPRGRPKGSKNKSPSKAAQKKAEATGEKRPRGRPRKWPQQVVQKKPAQEETEETSSQESAEED,0.374565616,0.348623853,34.10230284,0.110091743,2.590825688,-0.769118415,3.822975302,0.009174312,0.137614679,0.366972477,0.137614679,0.78323856,11833.9,74.05260054,7.5660267,0.54684436,0.43145326
IDRBS-094,LPRRPGHDDGQRPSGGAAAAPRRGAQLRRPRHSHPTRARRCPGGLPGHAGGAAPGRGAAGRARCLGPSARGPG,0.245832518,0.232876712,26.84790352,0.178082192,3.434246575,4.569631352,3.325689781,0,0.232876712,0.356164384,0.150684932,0.685701957,7320,65.18138728,6.1693354,0.5669238,0.4426422
IDRBS-095,MSERQGAGATNGKDKTSGENDGQKKVQEEFDIDMDAPETERAAVAIQSQFRKFQKKKAGSQS,0.311761618,0.35483871,22.2518015,0,3.167741935,-1.451052731,3.231566852,0.048387097,0.209677419,0.370967742,0.016129032,0.855926635,6792.7,52.13062074,6.7987375,0.5220006,0.42075458
IDRBS-096,MDSKSVTPEPTNPFYASSGQSGKTYASVVAAAAAAAADKEDGGAVSSAKELDSSSEAVSGNSDKVGADDLSDSEKEKPNLVGDGKVSDEVDGSLKEDS,0.124090623,0.295918367,30.78074642,-0.112244898,3.833673469,2.62849491,4.085872454,0.030612245,0.285714286,0.346938776,0.040816327,0.802180346,9770.6,76.24266373,5.8428507,0.5792575,0.43924785
IDRBS-097,DSAEEDENKLPVEDIVSSREFSFGGKEVDQEPSGEGVTRVDGSESEEETEEMIFGSSEAAKQFLAELEKASSGIEAHSDEANISNNMSDRIDGQIVTDSDEDVDTEDEGE,0.270366371,0.390909091,34.30880197,-0.263636364,3.509090909,22.27863193,4.007715308,0.036363636,0.227272727,0.327272727,0.018181818,0.844723651,11920.6,86.31034193,5.6362343,0.5917924,0.4488514
IDRBS-098,QDKKTMMMNEEDDGNGMDELLAVLGYKVRSSEMADVAQKLEQLEVMMSNVQEDDLSQLATETVHYNPAELYTWLDSMLTDLNPPSSNAEYDLKAIPGDAILNQ,0.2348914,0.262135922,31.70031313,-0.145631068,3.954368932,5.23589823,4.337279408,0.048543689,0.359223301,0.291262136,0.038834951,0.902574981,11546.4,76.46135625,6.0793,0.5686702,0.43236625
IDRBS-099,LTNNVLSTAQQVYLRKLGGAKPNMDENASKIISAGRAKRSIAQPDDAGERFRQLKEQEKRSKKNKAVAKDTVELVEESQSESEEGSDDEEEEAREGALASSTTSKPLPEVGQRRSKRSKRKRTV,0.392994106,0.387096774,32.45491527,0.032258065,3.258870968,-2.181803617,3.948741802,0.016129032,0.25,0.314516129,0.032258065,0.872028609,13751.1,75.40413311,7.009301,0.4984709,0.4072789
IDRBS-100,DCESKPFSGGVEPMYCLENGAEEMKRGVKADKHWLSEFEHNYWSDILKEKEKQKEQGIVETCQQQQQDSLSVADYGWPNDVDQSHLDSSDMFDVDELLRDLNGDDVFAGLNQDRYPGNSVANGSYRPESQQSGFDPLQSLNYGIPPFQLEGKDGNGFFDDLSYLDLEN,0.140797071,0.285714286,37.52740684,-0.130952381,3.545833333,9.465084385,4.783848823,0.107142857,0.202380952,0.339285714,0.047619048,0.931252471,19047.9,88.89158593,6.944665,0.52123904,0.3964458
IDRBS-101,DLCQLSAETKKTPSRSARRKKAKRQWLREKTKLEKEELLQTQLVVAPSQKPV,0.303230062,0.384615385,21.66762926,0.153846154,3.367307692,0.754384562,3.089446402,0.019230769,0.269230769,0.25,0.057692308,0.800494574,6055,51.61929673,6.672614,0.5607892,0.44248635
IDRBS-102,ADLKKELSGSSKKGELPPGRSTVAASTRYPFKDSEIENELNELRRKANDF,0.19104594,0.38,20.57785824,0.02,3.372,-0.585847347,3.101053445,0.06,0.22,0.28,0.06,0.856258086,5576.9,49.73420847,6.499522,0.54509586,0.43462178
IDRBS-103,MSEPAGDVRQNPCGSKACRRLFGPVDSEQLSRDCDALMAGCIQEARERWNFDFVTETPLEGDFAWERVRGLGLPKLYLPTGPRRGRDELGGGRRPGTSPALLQGTAEEDHVDLSLSCTLVPRSGEQAEGSPGGPGDSQGRKRRQTSMTDFYHSKRRLIFSKRKP,0.286215499,0.298780488,37.34130932,0.018292683,3.654878049,-1.572279726,4.546160655,0.06097561,0.213414634,0.317073171,0.079268293,0.920996256,18107.4,87.65823686,7.0138407,0.5254713,0.3907171
IDRBS-104,KGTSTRKPRINSQLVAQQVAQQYATPPPPKKEKKEKVEKQDKEKPEKDKE,0.091070287,0.44,21.83618275,0.12,2.56,0.955923795,3.135240459,0.02,0.16,0.26,0.12,0.797696159,5773.3,53.69019597,6.6352596,0.5787764,0.4712585
IDRBS-105,MSDAAVDTSSEITTKDLKEKKEVVEEAENGRDAPANGNAENEENGEQEADNEVDEEEEEGGEEEEEEEEGDGEEEDGDEDEEAESATGKRAAEDDEDDDVDTKKQKTDEDD,0.438909978,0.576576577,38.31707337,-0.396396396,2.528828829,41.37269954,3.527900504,0,0.171171171,0.243243243,0.009009009,0.726928581,12202.6,93.19353714,5.739352,0.61768454,0.5079074
IDRBS-106,MSETVPPAPAASAAPEKPLAGKKAKKPAKAAAASKKKPAGPSVSELIVQAASSSKERGGVSLAALKKALAAAGYDVEKNNSRIKLGIKSLVSKGTLVQTKGTGASGSFKLNKKASSVETKPGASKVATKTKATGASKKLKKATGASKKSVKTPKKAKKPAATRKSSKNPKKPKTVKPKKVAKSPAKAKAVKPKAAKARVT,0.216234297,0.3,52.43192709,0.23,3.855,36.25131473,5.204919202,0.01,0.335,0.275,0.08,0.761789049,20204.1,131.493366,5.7386494,0.61107236,0.43283543
IDRBS-107,MATLIYVDKENGEPGTRVVAKDGLKLGSGPSIKALDGRSQVSTPRFGKTFDAPPALPKATRKALGTVNRATEKSVKTKGPLKQKQPSFSAKKMTEKTVKAKSSVPASDDAYPEIEKFFPFNPLDFESFDLPEEHQIAHLPLSGVPLMILDEERELEKLFQLGPPSPVKMPSPPWESNLLQSPSSILSTLDVELPPVCCDI,0.204436101,0.26,47.37211364,0,4.0815,-3.474055406,5.452700905,0.06,0.285,0.265,0.12,0.918865425,21778,112.4964799,6.7520905,0.5531116,0.40905085
IDRBS-108,MSARVRSRSRGRGDGQEAPDVVAFVAPGESQQEEPPTDNQDIEPGQEREGTPPIEERKVEGDCQEMDLEKTRSERGDGSDVKEKTPPNPKHAKTKEAGDGQP,0.191046655,0.392156863,32.68748622,-0.078431373,2.942156863,-0.292164087,3.781023929,0.009803922,0.166666667,0.31372549,0.107843137,0.874192135,11153.3,75.96036947,6.5197678,0.5579618,0.44197163
IDRBS-109,MRRRGEIDMATEGDVELELETETSGPERPPEKPRKHDSGAADLERVTDYAEEKEIQSSNLETAMSVIGDRRSREQKAKQEREKELAKVTIKKEDLELIMTEMEISRAAAERSLREHMGNVVEALIALTN,0.141546346,0.410852713,36.0327887,-0.069767442,3.539534884,1.036321337,4.104228066,0.007751938,0.317829457,0.23255814,0.031007752,0.875637888,14657,85.37696487,6.3017893,0.55924743,0.42057842
IDRBS-110,MVRTKADSVPGTYRKVVAARAPRKVLGSSTSATNSTSVSSRKAENKYAGGNPVCVRPTPKWQKGIGEFFRLSPKDSEKENQIPEEAGSSGLGKAKRKACPLQPDHTNDEKE,0.221913926,0.297297297,32.69468992,0.081081081,3.530630631,0.583462039,4.165017912,0.045045045,0.225225225,0.333333333,0.081081081,0.918761093,11984,78.77680876,6.4097986,0.5570875,0.4215225
IDRBS-111,VEEKKTRAAREGDRRDNRLRGPGGPRGGLGGGMRGPPRGGMVQKPGFGVGRGLAPRQ,0.109351348,0.333333333,22.61537131,0.157894737,3.273684211,2.508579687,3.041928437,0.01754386,0.192982456,0.350877193,0.105263158,0.751519564,5962.9,54.56954933,6.3021793,0.5626306,0.44602394
IDRBS-112,MESNQSNNGGSGNAALNRGGRYVPPHLRGGDGGAAAAASAGGDDRRGGAG,0.22742755,0.18,19.49872696,0.02,3.618,-0.263014237,2.973777327,0.02,0.26,0.5,0.04,0.742198128,4709.1,45.45566609,6.3065376,0.5515643,0.44907552
IDRBS-113,MLCEDQHMSVENTPQKGSGSLNSSASSISIDVKPTMQSWAQEVRAEFGHS,0.209199905,0.18,19.73992831,-0.06,3.904,0.13594621,3.292099572,0.04,0.26,0.46,0.04,0.916044757,5422.9,47.60753919,6.3820276,0.55179566,0.43843392
IDRBS-114,EVKFERLVKEEKLKTPYKRRHSFTPPSNENSRSNSPNSSNSSANGDAAAPKGGNNPHSRNSKKSGNFRAHKEEKRVRHN,0.162124768,0.329113924,26.47277407,0.126582278,2.725316456,2.592721886,3.376617083,0.050632911,0.126582278,0.417721519,0.075949367,0.830107196,8912.7,63.41023799,6.2552404,0.5420691,0.42417976
IDRBS-115,MIKRELMKDPRLANEDWSRFLPKFKNKNISKRKQPKVKKQKKEYTPFPPSQPESKVDKQLASGEYFLNQEQKQAKRNQERTEKQKEAAKRQDERRNKDFVPPTEESAASSRKKEDGSSSSKVDVKALKAKLIKANKKARSS,0.171233296,0.425531915,37.47647275,0.141843972,2.90141844,8.684179019,4.203037234,0.056737589,0.19858156,0.255319149,0.063829787,0.867827467,16443.1,91.05795001,6.2762146,0.5551275,0.41612437
IDRBS-116,GQHMKKSSLSESSSDMMDLDDGVESTPGLTETHPGRSAVAPFLGAQQQQQQPVASSLSMSIDKQLQHPLQQLTQTQLYQQQQQQQQQQQNGFKQQQQQTQQQLQQQQSHTINASAAAATSGSGSSGLTMRHNNALAVSIETDV,0.340053737,0.111888112,33.9153491,-0.027972028,3.551048951,-0.107788846,4.571278529,0.020979021,0.251748252,0.58041958,0.034965035,0.84058014,15550.3,81.50359907,6.7707577,0.5234417,0.39972422
IDRBS-117,KKFKEEEKPAWAKKDIRDYSEADLERLLDQWEEDEEPLEDDELPEHLRPQPKLDLSNLDSKSPEDLLKVSKKG,0.288595974,0.506849315,26.52377435,-0.123287671,3.006849315,-0.75732258,3.600680543,0.054794521,0.219178082,0.136986301,0.082191781,0.804421253,8651.6,60.84348686,7.16037,0.5546879,0.4556893
IDRBS-118,MSSPDDFETAPAEYVDALDPSMVVVDSGSAAVTAPSDSAAEVKANQNEENTGATAAETSEKVDQTEVEKKDDDDTTEVGVTTTTPSIADTAATANIASTSGASVTEPTTDDTAADEKKEQVSG,0.168826438,0.276422764,37.03482595,-0.178861789,3.876422764,11.32626592,4.395591883,0.016260163,0.300813008,0.357723577,0.048780488,0.80805865,12476.9,89.86914169,5.7204075,0.5954928,0.44341296
IDRBS-119,YDNFREVVDSRLQEESHSNGVDNSNSNSDNKDSIRPKTEIISTNTNGATEDSTSEKVMVDAEQQARLQEQAQLLRQHVSSTASITSGGHNDLVQIEQPQKDTSNNNNSNVNDEDNDLLTQDNNPQTADEGNASFQAQRSMISRGALPSHN,0.173916079,0.24,37.38450511,-0.093333333,3.280666667,3.65127859,4.258495473,0.02,0.22,0.493333333,0.026666667,0.89214249,16494.8,86.85166472,6.1588907,0.5576817,0.42390418
IDRBS-120,QRGYKTFEEIQKEEEARQQQEEDEAVDEIKQEIKFTKQSSVASTRNTLKMAQDAERAGMNTLGMLGHQSEQLNNVEGNLDLMKVQNKVADEKVAELKKLNR,0.193843283,0.356435644,29.41004174,-0.03960396,3.362376238,-0.867809049,3.880871634,0.02970297,0.287128713,0.326732673,0,0.882934213,11589.7,68.82033634,6.1140976,0.5447148,0.40743977
IDRBS-121,SILAVHVSNPFNSKRRRREREEQLKNRKIEEKLMREQTSQQLSQSTQRIEGAMNANNNISEVRERYQRKNVLEKAKRYQFENDEEDDEMELEIDRNLDQIQQVSNRLKKMALTTGKELDSQQKRLNNIEESTDDLDINLHMNTNRLAGIR,0.294209018,0.373333333,34.39522001,-2.78E-17,3.151333333,-2.088165835,4.03225329,0.026666667,0.26,0.333333333,0.006666667,0.887553298,17873.5,80.65802343,6.9244795,0.5006726,0.38891453
IDRBS-122,MSQEQPRRPQAGQDPIKYGDVLPVSGDLSQKPITPEDAAMMQSAESRVLGQTQPGGVASVMQSAATRNEQAGIVGHKDVTDVTGDRGVTVTETQVPGRRI,0.171404608,0.22,31.02497578,-0.02,3.875,-0.263152664,4.149111143,0.01,0.3,0.39,0.08,0.884213014,10568.4,74.94419575,6.1993465,0.5636384,0.4295821
IDRBS-123,ITETVGGQVVGQFVEPTPVQVGLTGAVRESALTIGEALEATAHTVGDKPVEQSDASAIQAAEVRATGSNVITPGGLASMAQSAAAFNAECQREEEKIKMG,0.110562664,0.19,30.94314814,-0.07,4.473,1.041982303,4.325471705,0.02,0.38,0.36,0.04,0.873254638,10135.8,73.93135071,5.9566545,0.5761602,0.44089782
IDRBS-124,MASHQEQSYKAGETRGKAQEKTGEAMGTMGDKTQAAKDKTQETAQSAQQKAHETAQSAKDKTSQAAQTTQERAQESKDKTGSYMSETGEAIKNKAHDAAEYTKETAEAGKEKTSGILGQTGEQVKQMAMGATDAVKHTLGLRTDEGNKEHVSSAPSTTTTTTTRETQRK,0.078260586,0.295857988,40.80131173,-2.78E-17,3.183431953,-0.249976154,4.477421126,0.017751479,0.224852071,0.455621302,0.00591716,0.83292838,18101,98.43211365,5.813363,0.56320876,0.42960313
IDRBS-125,WEAEENVPYTAYFDKARKTRAPGSKIMNPNDPEYNSDSQSQAPPHPPSSRTKPEQVDTVRRSREHMRSREESELKQFGDAGGSSNEAANKRQGRASQNNS,0.231044665,0.31,29.82676506,0.01,2.858,-0.70944126,3.723278687,0.06,0.16,0.38,0.09,0.904767678,11263.4,67.2547245,7.010186,0.51836437,0.42170966
IDRBS-126,RDNSGVTLEGPKDLPPQLESNQGARGSGSANSVGSSTTRPKSPWMPFPTL,0.211313628,0.18,20.9374248,0.02,3.608,-0.281100482,3.348503385,0.04,0.18,0.46,0.14,0.858513936,5207.4,52.5934473,7.0118723,0.55165935,0.42898118
IDRBS-127,MASYQNRPGGQATDEYGNPIQQQYDEYGNPMGGGGYGTGGGGGATGGQGYGTGGQGYGSGGQGYGTGGQGYGTGTGTEGFGTGGGARHHGQEQLHKESGGGLGGMLHRSGSGSSSSSEDDGQGGRRKKGITQKIKEKLPGHHDQSGQAQAMGGMGSGYDAGGYGGEHHEKKGMMDKIKEKLPGGGR,0.233007543,0.182795699,36.8492113,0,3.317741935,-0.790949142,4.774915462,0.064516129,0.123655914,0.602150538,0.02688172,0.798268394,18464.5,86.46088449,6.385317,0.52427465,0.4012329
IDRBS-128,MAEEYKNNVPEHETPTVATEESPATTTEVTDRGLFDFLGKKEEEVKPQETTTLESEFDHKAQISEPELAAEHEEVKENKITLLEELQEKTEEDEENKPSV,0.159125611,0.4,32.49099255,-0.2,3.299,10.32101667,4.084437123,0.04,0.22,0.28,0.06,0.838005241,11425,79.16447639,6.0561438,0.5805826,0.43992403
IDRBS-129,IEKLHRSNSSSSSSSDEEGEEKKEKKKKIVEGEEDKKGLVEKIKEKLPGHHDKTAEDDVPVSTTIPVPVSESVVEHDHPEEEKKGLVEKIKEKLPGHHDE,0.190695666,0.46,32.00682163,-0.08,3.131,0.75520658,3.985498146,0,0.2,0.28,0.06,0.782078367,11220.6,76.43903732,6.0410175,0.5751563,0.45031172
IDRBS-130,KAEDSPAVTSTPLVVTEHPVEPTTELPVEHPEEKKGILEKIKEKLPGYHAKTTEEEVKKEKESDD,0.127611801,0.415384615,25.78822832,-0.107692308,3.363076923,1.247180516,3.738806484,0.015384615,0.230769231,0.230769231,0.107692308,0.779920298,7273.5,62.27727664,6.1579742,0.5757338,0.46252033
IDRBS-131,TAGEKEDAPRRERKPRPTTPRRKEGAERKPRAQKPVEKAPKTVKAPREEQ,0.121990409,0.52,22.96078205,0.16,2.352,1.178729713,2.749172206,0,0.16,0.16,0.16,0.704101068,5773.9,54.62949749,6.4763384,0.573201,0.45920348
IDRBS-132,RQLALEAKGETPSAVTRLSVVAKSEPQDEQSRSQSPRRIILSRLKAGEVD,0.240406536,0.32,20.98284899,0.04,3.78,-0.355820998,3.078492379,0,0.32,0.3,0.06,0.826912663,5485,50.31805359,6.373683,0.56324595,0.4544506
IDRBS-133,YNGQSETSQQPETPVFNTLPMMGKASPVSLGVPSEATANNGQQQQVQEQRRRINAMLQDYELQRRLHSEQLQFEQAQTQQAAVQVPGIQTLGTQSQ,0.26444722,0.145833333,27.93528288,-0.020833333,3.572916667,-0.144997287,4.056378578,0.041666667,0.260416667,0.489583333,0.0625,0.870456451,10707,66.23997017,6.7342997,0.52969915,0.39525118
IDRBS-134,KKAMSDDEPKQDKTSQDADFTAKTIADKQADTNQEQAKTEDAKRHDKEQV,0.116461113,0.46,20.02166482,-0.06,2.63,-0.195478973,2.853766096,0.02,0.2,0.3,0.02,0.779111803,5666,48.87170862,6.3129263,0.57050335,0.44341183
IDRBS-135,MVYKHAISTVVPSRPVSHHSNNAGGGTSSNYHHGSSAQNTSAQQDSEETE,0.748849511,0.12,18.82964405,-0.04,3.486,-0.756570937,3.151936265,0.04,0.2,0.6,0.04,0.850796723,5281.4,44.46008672,6.594742,0.53227746,0.4120342
IDRBS-136,RALGMSMRVERSSLEQVQERFEVLKKRKAPGTFTEQDLDERIRKQQEEEEELKRQRREKKKEKKKGKVVEEEPEMDPEVAEMMGFGGFGSSKKS,0.299856946,0.489361702,28.30369675,0.021276596,3.046808511,-1.237834944,3.593242492,0.042553191,0.212765957,0.223404255,0.031914894,0.825167879,11084.9,67.73928224,6.35859,0.536657,0.41519156
IDRBS-137,NKPEKDAEMDTDSSTPVVKTKVRGKKVKRRYKEEKEEIAGSIRWLAEVVMRSERARMETMKEIERMRAEAEAKRGELDLKRTEIMANT,0.171517886,0.477272727,28.21660536,0.045454545,3.325,-0.633191077,3.5261432,0.022727273,0.306818182,0.170454545,0.022727273,0.843253233,10309.6,67.5226344,6.0865183,0.559047,0.41793486
IDRBS-138,RKLLGEGIDACSIEELQQLENQLDRSLSRIRAKKYQLLREEIEKLKAEERNLVKENK,0.197063088,0.438596491,21.53201079,0.01754386,3.496491228,-0.842204796,3.124154089,0.01754386,0.315789474,0.210526316,0,0.798093467,6758,51.14752619,6.083233,0.5549258,0.43452853
IDRBS-139,LSELWNIDPKRAKRILANRQSAARSKERKARYIQELERKVQSLQTEATTLSAQLTLYQRDTNGLANENTELKLRLQAMEQQAQLRNALNEALRKEVERMKMETGEISGNSDSFDM,0.166266419,0.32173913,31.35489079,0.026086957,3.544347826,-1.337957932,3.9686066,0.034782609,0.32173913,0.313043478,0.008695652,0.878950558,13296.2,74.00126818,6.36263,0.53535485,0.41025957
IDRBS-140,NTLKDILEEFMRQTVKMEKEWRDAWEMKEIEREKREKEWRRRMAELEEERAATERRWMEREEERRLREEARAQKRDSLIDALL,0.07970334,0.578313253,25.95829674,-0.024096386,2.878313253,-0.325180864,3.099947498,0.060240964,0.277108434,0.084337349,0,0.766100897,10616.8,60.95328437,6.695115,0.51778126,0.41111562
IDRBS-141,SEGGGGGTSGAARKREYSSDEEEENVNEELVDVSNDPKILNPKKNIAKKRKGGSNSSNSNNGVREVLEEFMRHQVRMESEWREGWEAREKERAEKEEEWRRKMEELEKERLAMERMWRDREEQRRSREEMRAEKRDSLINAL,0.167801574,0.478873239,33.79480866,-0.028169014,2.834507042,-0.817439972,3.782237394,0.042253521,0.211267606,0.253521127,0.014084507,0.84686417,16834.9,79.86947536,6.8016825,0.5203598,0.40634254
IDRBS-142,PFRDELHINEDMDMHESAKLERQRREEARRSLRSGLTGLPQPKNEYQIVAQPPPEESEEPEEKIEEDMSDRIAREKAEEEARQQALLKKRSKVLQRDLPRPPAASLAVIRNSLLSADGDKSSVVPPTPIEVADKMVREELLQ,0.189862244,0.387323944,37.95852707,-0.049295775,3.458450704,-0.194689773,4.334825149,0.014084507,0.302816901,0.204225352,0.091549296,0.877186692,16259.2,88.87059033,6.447237,0.53868157,0.41296765
IDRBS-143,MADRVKGPWSQEEDEQLRRMVEKYGPRNWSAISKSIPGRSGKSCRLRWCN,0.295544982,0.34,19.75030993,0.1,3.302,-0.150457687,2.970716225,0.08,0.2,0.28,0.06,0.904789579,5879.5,46.03875594,7.1671696,0.5050078,0.41046768
IDRBS-144,VEKLTEENRRLEKEAAELRALKLSPRLYGQMSPPTTLLMCPSCERVAGPSSSNHNQRSVSL,0.092925072,0.262295082,23.60144666,0.032786885,3.849180328,-0.139699496,3.46526935,0.016393443,0.295081967,0.31147541,0.081967213,0.862757022,6802.7,56.57791385,6.5491743,0.552788,0.44934595
IDRBS-145,TPEEVKLKAQELRERARKKKEEEEKRMEREREKERIRIGKELLEAKRMEEVNERKRLMFLRKAEKEEEKRAREKIRQKLEEDKAERRRKLGLPPEDPATAAAKPSV,0.107447524,0.603773585,32.48603397,0.075471698,2.76509434,0.831307795,3.433397526,0.009433962,0.264150943,0.075471698,0.047169811,0.753524464,12882,79.14762725,5.910365,0.5679787,0.43568325
IDRBS-146,PLQEIFGVTKNNDHEKHDEEPDEESYRMAKRQRSMEYRMMMEKKRRKEIKDKVDIL,0.241027154,0.5,21.00586559,0,2.848214286,-1.915030726,2.92216511,0.053571429,0.232142857,0.178571429,0.035714286,0.880884157,6966.7,50.33433327,6.7296467,0.53226286,0.41825026
IDRBS-147,KRKLSIPMTVARVVKYIPEQKQELQRLSRRKEELLKRISRKTHQEQLRNKAMMDSID,0.229559042,0.403508772,22.68112787,0.157894737,3.407017544,1.888023551,3.115775928,0.01754386,0.315789474,0.228070175,0.035087719,0.861522163,6928.3,54.58722553,6.4253607,0.55822414,0.44182852
IDRBS-148,YTSVYNNSLEAEPSSNNDQDEDRINDKMKRRLAQNREAARKSRLRKKAHVQQLEESRLKLSQLEQELV,0.333661884,0.382352941,23.33791359,0.029411765,3.048529412,-1.771636374,3.082087368,0.029411765,0.264705882,0.308823529,0.014705882,0.84862089,8050.1,54.219498,6.7158995,0.50701153,0.40267363
IDRBS-149,LQVVDSRMEEEEVDAAETIEEEEQREQRSYKEKVEILKRKKMELKAARLAKRSKTSEGSVKKPKKTEEESPSDEEDDEDSAVDWR,0.370213985,0.541176471,26.76057107,-0.094117647,2.928235294,-0.90083603,3.425153484,0.023529412,0.235294118,0.176470588,0.023529412,0.809845043,9981.7,62.81948887,6.475008,0.5208985,0.39488992
IDRBS-150,MMLTKSVVISRPAVRPVSTRRAVVVRASGQPAVDLNKKVQDAVKEAEDACAKGTSADCAV,0.205980532,0.266666667,23.3215981,0.066666667,4.498333333,-0.540013821,3.443845394,0,0.433333333,0.216666667,0.05,0.843765814,6280.9,57.18349606,6.246166,0.5725223,0.4385169
IDRBS-151,MATIATGLNIATQRVFVTSENRPVCLAGPVHLNNSWNLGSRTTNRMMKLQPIKAAPEGGISDVVEKSIKEAQETCAGDPVSGECVAAWDEVEELSAAASHARDKKKADGSDPLEEYCKDNPETNECRTYDN,0.191009395,0.267175573,35.37871329,-0.053435115,3.908396947,-0.547213752,4.445779126,0.038167939,0.297709924,0.305343511,0.053435115,0.94495964,14161.5,84.64869766,6.2560606,0.5515096,0.4128196
IDRBS-152,MSDQSQEPTMEEILASIRRIISEDDAPAEPAAEAAPPPPPEPEPEPVSFDDEVLELTDPIAPEPELPPLETVGDIDVYSPPEPESEPAYTPPPAAPVFDRDEVAEQLVGVSAASAAASAFGSLSSALLMPKDG,0.2132622,0.255639098,42.35261178,-0.195488722,4.145112782,13.18818637,5.036476759,0.037593985,0.338345865,0.180451128,0.187969925,0.816985684,13905.3,100.6648474,6.514101,0.5928416,0.46553236
IDRBS-153,CLRKKRKPQAEKVDVIAGSSKMKGFSSSESESSSESSSSDSEDSETEMAPKSKKKGHPGREQKKHHHHHHQQMQQAPAPVPQQPPPPPQQPPPPPPPQQQQQPPPPPPPPSMPQQAAPAMKSSPPPFIATQVPVLEPQLPGSVFDPIGHFTQPILHLPQPELPPHLPQPPEHSTPPHLNQHAVVSPPALHNALPQQPSRP,0.371219963,0.16,47.48976404,0.01,3.3515,-0.855454839,5.577558139,0.02,0.195,0.37,0.25,0.830207495,21718,107.8991016,7.546835,0.5179934,0.4202335
IDRBS-154,SNRAAALPPKPARPPAVSPALTQTPLLPQPPMAQPPQVLLEDEEPPAPPLTSMQMQLYLQQLQKVQPPTPLLPSVKVQSQPPPPLPPPPHPSVQQQLQQQPPPPPPPQPQPPPQQQHQPPPRPVHLQPMQFSTHIQQPPPPQGQQPPHPPPGQQPPPPQPAKPQQVIQHHHSPRHHKSDPYSTGHLREAPSPLMIHSPQM,0.332013279,0.08,46.00412471,0.02,3.422,0.008849739,5.891521971,0.015,0.22,0.36,0.325,0.751287637,21964.9,109.0445653,8.143623,0.50720394,0.3918507
IDRBS-155,SQFQSLTHQSPPQQNVQPKKQELRAASVVQPQPLVVVKEEKIHSPIIRSEPFSPSLRPEPPKHPESIKAPVHLPQRPEMKPVDVGRPVIRPPEQNAPPPGAPDKDKQKQEPKTPVAPKKDLKIKNMGSWASLVQKHPTTPSSTAKSSSDSFEQFRRAAREKEEREKALKAQAEHAEKEKERLRQERMRSREDEDALEQAR,0.08769821,0.335,48.40061138,0.045,3.2215,0.844791376,4.969755968,0.025,0.235,0.265,0.14,0.878136822,22716.6,112.5652163,6.604146,0.5582169,0.42459574
IDRBS-156,RAHEEARRRQEQQQQQRQEQQQQQQQQAAAVAAAATPQAQSSQPQSMLDQQRELARKREQERRRREAMAATIDMNFQS,0.077090262,0.294871795,23.79677931,0.038461538,2.732051282,-0.142590253,3.12030278,0.012820513,0.269230769,0.397435897,0.025641026,0.727186251,9201.2,54.21966601,6.9216557,0.50078267,0.3802276
IDRBS-157,EHHSGSQGPLLTTGDLGKEKTQKRVKEGNGTSNSTLSGPGLDSKPGKRSRTPSNDGKSKDKPPKRKKADTEGKSPSHSSSNRPFTPPTSTGGSKSPGSAGRSQTPPGVATPPIPKITIQI,0.183088489,0.25,36.86068353,0.1,3.189166667,2.432414835,4.301757402,0.008333333,0.116666667,0.491666667,0.133333333,0.831358005,12359.8,89.14397533,6.2814293,0.57941073,0.44441321
IDRBS-158,PKGTVMVGKPSSHSQYTSSGSVSSSGSKSHHSHSSSSSSSASTSGKMKSSKSEGSSSSKLSSSMYSSQGSSGSSQSKNSSQSGGKPGSSPITKHGLSSGSSSTKMKPQGKPSSLMNPSLSKPNISPSHSRPPGGSDKLASPMKPVPGTPPSSKAKSPISSGSGGSHMSGTSSSSGMKSSSGLGSSGSLSQKTPPSSNSCT,0.158004843,0.115,49.48030237,0.095,3.603,6.44473639,5.136301961,0.01,0.125,0.65,0.095,0.708798379,19445.5,117.4447357,5.798154,0.5882466,0.44163257
IDRBS-159,ASSSSFSSSGSSMSSSQNQHGSSKGKSPSRNKKPSLTAVIDKLKHGVVTSGPGGEDPLDGQMGVSTNSSSHPMSSKHNMSGGEFQGKREKSDKDKSKVSTSGSSVDSSKKTSESKNVGSTGVAKIIISKHDGGSPSIKAKVTLQ,0.171889156,0.222222222,38.72735596,0.069444444,3.602777778,1.90301247,4.51060124,0.013888889,0.180555556,0.541666667,0.041666667,0.82004358,14654,92.90330315,5.8260126,0.5786976,0.42605945
IDRBS-160,KPGESSGEGLRPQMASSKNYGSPLISGSTPKHERGSPSHSKSPAYTPQNLDSESESGSSIAEKSYQNSPSSDDGIRPLPEYSTEKHKKHKKEKKKVKDKDRDRDRDKDRDKKKSHSIKPESWSKSPISSDQSLSMTSNTILSADRPSRLSPDFMIGEEDDDLM,0.178046301,0.355828221,40.51528849,0.012269939,3.006134969,-1.573729891,4.464116501,0.036809816,0.147239264,0.374233129,0.085889571,0.863592001,18086.7,96.88116928,6.34439,0.5478181,0.43486187
IDRBS-161,TKGTDEVPVPPPVPPRRRPESAPAESSPSKIMSKHLDSPPAIPPRQPTSKAYSPRYSISDRTSISDPPESPPLLPPREPVRTPDVFSSSPLHLQPPPLGK,0.181320906,0.23,34.72733498,0.03,3.569,-0.117419525,4.509870059,0.03,0.2,0.27,0.27,0.81085495,10806.1,83.36196899,7.1207066,0.54669166,0.4231765
IDRBS-162,KVLQTRMARLIVEHSSTEGKLMKRIEMLEKHLSRYKALARRQKTMHGVSIDGGDISTDGVDERVRPPRLRQTKTIDLPTGTESESLLK,0.251130529,0.340909091,28.49304921,0.068181818,3.778409091,0.123821213,3.761353708,0.011363636,0.306818182,0.306818182,0.034090909,0.886941592,10018.2,69.55352892,6.2635536,0.5578476,0.43015903
IDRBS-163,EVDMRPSPKLAEEARRDAERYQKEHEMINRQAEATLQKKAEEYRHQTEAEAEKIRRELEKQHERDIQFRKDLIDQTIEKQKREVDLEAKMAKRELDREAQL,0.071853722,0.504950495,29.92842103,-0.02970297,2.882178218,-0.081211544,3.505367667,0.02970297,0.277227723,0.168316832,0.01980198,0.82957334,12309.5,71.88440135,6.3168,0.54300743,0.41849792
IDRBS-164,MASHGQSYRAGEATGRAEEKADQMMGKTRGATEAMKNKAQQAKDKTMETAQAAKEKTSEKAYEAKDKTSNMAQSAKGQAQQSKDQTGSFASDKAQAAKDKAYQAAQATKEKASDMTEYAKETAEAGKEKTGGILQRTGEQVKSMAQGAADAVKNTFGMGEPEEDDPIKTTRP,0.118814945,0.325581395,41.40195106,0.011627907,3.268604651,-0.608641721,4.537287676,0.034883721,0.273255814,0.348837209,0.01744186,0.833952044,18342.6,99.49815568,6.0948105,0.5662464,0.42814115
IDRBS-165,MEKSKKEQMKELEKMRADFQRDLELQKKQIVDRAQSEIARLREEEENHHGGGDDDESEDEEMENDSDVNLSDE,0.260482572,0.520547945,25.26446644,-0.191780822,2.743835616,2.036160752,3.130141191,0.01369863,0.219178082,0.246575342,0,0.824984417,8648.4,62.51093796,6.8903017,0.53752655,0.4165787
IDRBS-166,ARIGSDPLAYEPKEDLPVITIDPASPQSPESVDLVNEELKGKVLGLSRDPAKVAEEDEDDDGGIMMRSKETSSPGTDDVFTPAPSDSPSSQRIQRCLSDPGPHPEPGEGEPFFPKGQ,0.270738661,0.307692308,35.88721603,-0.11965812,3.645299145,3.834095754,4.456338422,0.034188034,0.222222222,0.282051282,0.145299145,0.889403143,12479.2,87.17402319,5.971236,0.5716302,0.4329582
IDRBS-167,CSVTELQEIDTQIEKSLRIVRSRKAELYADQLKKLKEKERELLNERKRLLEEVNMHHSSKGNTEGGHRTKHSSEVE,0.18790511,0.407894737,25.85347659,0.013157895,3.298684211,-0.693670507,3.380856555,0.013157895,0.25,0.315789474,0,0.862662023,8920.4,61.18195978,6.1884966,0.55404836,0.43209475
IDRBS-168,ARLHEALSQMWQLEAASRAAIENGSEEGLGDSAEVEEAPIEFPRDITMEETEPTRLNPNR,0.257063508,0.316666667,23.34305771,-0.15,3.695,1.377607155,3.409063478,0.033333333,0.316666667,0.266666667,0.066666667,0.860553631,6690,55.32185817,6.087285,0.547535,0.45617014
IDRBS-169,LRSRDNIYEYRDSPSTKTLASKAHTDTTSLRSPSSLAMTQKSSSQASLKS,0.139055539,0.24,20.55005481,0.08,3.518,0.485344153,3.121159889,0.04,0.22,0.46,0.04,0.796925753,5487,49.78600864,6.1014957,0.5671246,0.44476232
IDRBS-170,YRGSSFLDPKGRGGSTGYDNAVALPAGGRGDEEELVKENVKNTAASVGEI,0.235471621,0.28,19.91794312,-0.04,3.836,-0.509239138,3.189473509,0.06,0.26,0.36,0.04,0.85457121,5138.3,48.14543413,6.219573,0.5561252,0.44181657
IDRBS-171,TSGQAESSSGNEGAAPAKGRGRGRPPAAAKGVAKGAAKGAAASKGAKSGAESSKGGEQSSGDIEMADASS,0.316711485,0.242857143,24.79438417,0.042857143,3.71,-1.168387937,3.511563031,0,0.285714286,0.428571429,0.042857143,0.72212983,6419.4,58.96493302,6.005925,0.5710268,0.4452853
IDRBS-172,KGGSDQRDSAATVGEGGASGSEGGAKKGRGRGAGKKADAGDTSAEPPRRSSRLTSSGTGAGSAPAAAKGGAKRAASSSSTPSNAKKQATGGAGKAAATKATAAKSAASKAPQNGAGAKKKGGKAGGRKRK,0.255358405,0.269230769,37.20708846,0.161538462,3.493846154,8.823391407,4.157283063,0,0.253846154,0.438461538,0.038461538,0.706770624,12052.2,90.86474263,5.788971,0.5948289,0.45439577
IDRBS-173,MSDAGRKGFGEKASEALKPDSQKSYAEQGKEYITDKADKVAGKVQPEDNKGVFQGVHDSAEKGKDNAEGQGESLADQARDYMGAAKSKLNDAVEYVSGRVHGEEDPTKK,0.126990125,0.366972477,31.24516932,-0.036697248,3.290825688,-0.110470701,4.018112871,0.055045872,0.23853211,0.311926606,0.027522936,0.875902381,11691.7,75.01835597,5.937767,0.56749135,0.4341988
IDRBS-174,LVSTLGEKSGKGLKTCKSPGRKSKESSPKGRSSSASSPPKKEHHHHHHHSESPKAPVPLLPPLPPPPPEPESSEDPTSPPEPQDLSSSVCKEEKMPRGGSLESDGCPKEPAKTQPAVATAATAAEKYKHRGEGERKDIVSSSMPRPNREEPVDSRTPVTERVS,0.152427383,0.300613497,43.35884984,0.018404908,3.258895706,-1.222053771,4.78170062,0.006134969,0.171779141,0.337423313,0.165644172,0.84610799,17415.4,102.0389596,6.6497536,0.5630004,0.44441366
IDRBS-175,HQQQQLQQQQHHLQQQQHQQQQQSLSQQPQQQQSQQSQAHSQQHQQQHQQQQQQQQPQQQQPQQHPPQQPQQQNSQQAIVGQSQQQVTSGQQK,-1,0.010752688,24.4543901,0.010752688,2.074193548,0,3.68334265,0,0.086021505,0.838709677,0.064516129,0.482944074,11078.4,55.36011269,8.603988,0.4259888,0.37396663
IDRBS-176,MEELSSVGEQVFAAECILSKRLRKGKLEYLVKWRGWSSKHNSWEPEENILDPRLLLAFQKKEHEKEVQNRKRGKRPRGRPRKLTAMSSCS,0.347552955,0.366666667,27.55096443,0.1,3.475555556,0.041692379,3.773715059,0.066666667,0.244444444,0.255555556,0.044444444,0.908331974,10599.8,64.18558935,6.9709377,0.5103318,0.4066546
IDRBS-177,KVRTQKGELGMSPPGSKIPKAPSGGAVEQKVGNTGGPPHTHGASRVPAGCPGPQPAPTQELSLQVLDLQSVKNGMPGVGLLARHATATKGVPATNPAPGKGTGSGLIGASGATMPTDTSKSEKLASRAVAPPTPASKRDCVKGSATPSGQESRTAPGEARKAATLPEMSAGEESSSSDSDPDSASPPSTGQNPSVSVQTS,0.186730534,0.175,48.35882194,0.025,3.8805,-0.777384576,5.257018358,0,0.255,0.43,0.13,0.857393108,19636,116.0563443,6.115345,0.57897365,0.43071213
IDRBS-178,RGGGFGGRGGFGDRGGRGGRGGFGGGRGRGGGFRGRGRGGGGGGGGGGGGGRGGGGFHSGGNRGRGRGGKRGN,0.197273463,0.232876712,21.9281648,0.205479452,3.257534247,7.010638966,3.053751029,0.068493151,0,0.698630137,0,0.375842267,6476.5,52.98919132,5.7853966,0.54152316,0.41238612
IDRBS-179,EEDAESEDEEEEDVKLLSISGKRSAPGGGSKVPQKKVKLAADEDDDDDDEEDDDEDDDDDDFDDEEAEEKAPVKKSIRDTPAKNAQKSNQNGKDSKPSSTPRSKGQESFKKQEKTPKTPKG,0.557642698,0.520661157,30.55963778,-0.157024793,2.6,-1.765283469,3.86444552,0.016528926,0.140495868,0.256198347,0.066115702,0.804710319,13325.5,74.16795969,7.5300713,0.45310265,0.37520254
IDRBS-180,MDPGQQPPPQPAPQGQGQPPSQPPQGQGPPSGPGQPAPAATQAAPQAPPAGHQIVHVRGDSETDLEALFNAVMNPKTANVPQTVPMRLRKLPDSFFKPPEPKSHSRQASTDAGTAGALTPQHVRAHSSPASLQLGAVSPGTLTPTGVVSGPAATPTAQHLRQSSFEIPDDVPLPAGWEMAKTSSGQRYFLNHIDQTTTWQ,0.253496446,0.125,45.68275331,-0.005,3.8105,-0.367619035,5.446277429,0.04,0.255,0.41,0.17,0.883866401,20835.7,107.2258512,6.651842,0.5467992,0.39120743
IDRBS-181,DPRKAMLSQMNVTAPTSPPVQQNMMNSASAMNQRISQSAPVKQPPPLAPQSPQGGVMGGSNSNQQQQMRLQQLQMEKERLRLKQQELLRQVRPQELALRSQLPTLEQDGGTQNPVSSPGMSQE,0.17017743,0.162601626,35.18423673,0.032520325,3.540650407,-0.133890212,4.427877103,0,0.284552846,0.43902439,0.113821138,0.837016885,13561,82.69486204,6.7362986,0.5480813,0.42269945
IDRBS-182,ISSTTLAAPSTTQSIAVPASNSTPVQEQPTAQSDTYGQAASTLVSGSSIEQMVQQIMEMGGGSWDKETVTRALRAAYNNPE,0.194374412,0.12345679,26.62142229,-0.049382716,4.10617284,0.261853898,4.051317072,0.037037037,0.308641975,0.469135802,0.061728395,0.872285906,8431.5,64.44800663,6.108609,0.55626494,0.43782148
IDRBS-183,LNEPVQEAGGQGGGGGGGSGGIAEAGSGHMNYIQVTPQEKEAIERLKALG,0.148634389,0.18,19.48812281,-0.06,3.986,0.134444579,3.33180217,0.02,0.28,0.48,0.04,0.806402357,4876.6,48.49974077,6.313056,0.56269646,0.44211408
IDRBS-184,MQSMKETASNIAASAKSGMDKTKATLGEKAEKMTTRDPLQKEMATQKKEERINEAEMQKREAREHNAAMKEASGAGTGTGLGLGSATHSTTGQVGHGTGTHQMSALPGHGTGQPTGHVVDGTAATEPIGTNTGTGRTTAHNTRVGGGTTGYGTGGGYTG,0.068169281,0.201257862,39.28513125,0.012578616,3.64591195,-0.088222596,4.607211098,0.012578616,0.238993711,0.522012579,0.025157233,0.849567292,16111.8,94.18981238,5.9491825,0.5603419,0.42731535
IDRBS-185,MQSMKETASNIAASARAGMEKTKATVEEKAEKMKTRDPVQKEMATQKKEDRINQAELEKREAREHNAAAKEAAGAGLGTPGYTAKGSGGLGSATHSTTGRIGHGTGAHQMSALPGHGAGQPTGDVVEGTETAAPIGTNTGTGRTTAHNTRAGGGTTGFTTGGGYSG,0.084820457,0.222891566,40.25174387,0.018072289,3.679518072,-0.060059141,4.636858088,0.018072289,0.259036145,0.469879518,0.030120482,0.853609396,16722.5,95.90430689,5.945343,0.56564003,0.4287082
IDRBS-186,MEAMKETAANVGASAISGKEKTKAVVQEKMERMTAHDPMEKEMATKKKEERINQAELNKQEAKEQNAAARQGASTTGTDKPHSYSTTGRTGNPTGAHQMSALPGHGTGAPTGQVTEGVVESRPIGTATGTKRTTVAHNTHAEREVNKGYGTGGAYN,0.083103955,0.25,39.2602518,0.019230769,3.5,-0.013332828,4.526590328,0.019230769,0.262820513,0.429487179,0.038461538,0.87293146,16436.5,93.60701551,6.043517,0.5623344,0.42126787
IDRBS-187,MQAMKETASNFAASAKSGMEKTKAVAQEKMERMTADNPTEKEMATEKKKERINEAEMNKQEARDKNAAARQGYSTTGTEKTHSYSTTGATGHPTGAHQMSALPGHGSGEPAGQVVEGVVQSHPIGTATGTQRSSAAHNTHGGGGVNTGYGTGGSYS,0.073749702,0.211538462,38.49116621,0.006410256,3.527564103,-0.150378994,4.557920484,0.032051282,0.243589744,0.480769231,0.032051282,0.87341498,16173.4,90.3616148,6.082179,0.5583024,0.414604
IDRBS-188,MQGAKKAGEAMKETAANVGASAKSGMEKTKATVQEKTDRMRARDPLQKEMATQKKDERMNQAELDKQAAREHNAAAKQSATAGHMGQGHYTTGTGTGTATYSTTGEYGQPMGVHQTSAVPGHGTGQPTGHVTEGVVGSQPIGTNRDPGGTATAHNTRVGGNPNEYGYGTGGTYS,0.081976162,0.201149425,40.39931952,0.017241379,3.492528736,-0.265745727,4.703759867,0.034482759,0.235632184,0.488505747,0.040229885,0.868133648,17980.9,96.01735669,6.185996,0.55146396,0.40525997
IDRBS-189,MQSMKETASNIAASAKSGMDKTKATLEEKAEKMKTRDPVQKQMATQVKEDKINQAEMQKRETREYNAAMKEAAGAGTGLGLGTATHSTTGQVGHGTGTHQMSALPGHGTGQLTDRVVEGTAVTDPIGRNTGTGLTTTAHNTHVGPGPYGTGGGYSG,0.054940628,0.205128205,39.04982521,0.012820513,3.715384615,-0.16112297,4.659420795,0.019230769,0.262820513,0.480769231,0.032051282,0.877930021,16097.8,93.61082715,5.996255,0.5631871,0.42761755
IDRBS-190,MQSMKETASNIAASAKSGMDRTKATLEEKAEKMTTRDPVQKQMATQNKEGKINQAEMQKREAREHNAVMKEASGAGTGTGLGLGSATHSTTGHVGHGTGTHQMSALPGHGTGQPTGHVVEGTAVTKPIGTNTGTGRTTAHNTHVGGGTTGYGTGGGYTG,0.063499428,0.176100629,39.22941468,0.025157233,3.688679245,0.229609581,4.651894079,0.012578616,0.238993711,0.547169811,0.025157233,0.852980639,16141.9,94.16742714,5.9587193,0.5618105,0.42751932
IDRBS-191,MQSMNETASNIAASAKSGMDKTKATLEEKAEKMTTRDPIQKEMATQKKEGRINQAEMQKREAREHNAAMKEASGAGTGTGLGLGTATHSTTGHVGHGTGTHQMSALPGHGTGEPTGHVVDGTAVTEPIGTNTGTGRTTAHNTRVGGGTTGYGTGGGYTG,0.077662062,0.194968553,39.20918198,0.006289308,3.670440252,-0.227514556,4.6165242,0.012578616,0.238993711,0.528301887,0.025157233,0.851282599,16149.7,93.75633367,5.9836884,0.56075656,0.4269551
IDRBS-192,MQSMKETASNIAASAKSGMDKTKATLEEKAEKMTTRDPLQKEMATQKKEGRINEAEMQKREAREHNAVMKEASGAGTGTGLGMGTATHSTTGHVGHGTGTHQMSALPGHGTGQPAGHVVDGTAVTEPIGTNTGTGRTTAHNTRVGGGTTGYGTGGGYTG,0.071675895,0.201257862,39.3246797,0.012578616,3.682389937,-0.07610631,4.623370047,0.012578616,0.245283019,0.51572327,0.025157233,0.851435826,16179.8,94.34035204,5.9525995,0.5606904,0.42753017
IDRBS-193,MQSAKEAVSNIAASAKSGMDKTKATLEEKAEKMKTRDPVQKEMATQRKEGKINQAEMQKRETQEYNAAMKQAAGGGTGTGVGLGTATHSTTGQVGHGTGTHQMSALPGHGTGHPTGHVVEGTAVTEPIGTNTGTGRTTAHNTRVGGGGTTGYGTRGGYTG,0.086392924,0.19375,39.1432286,0.03125,3.660625,0.343665413,4.645218487,0.01875,0.2375,0.525,0.025,0.848338821,16268,94.09599985,6.0004263,0.5588065,0.4250923
IDRBS-194,MQSIKETAANIAASARSGLEKTKATLEEKVERATAHDPVQKDMATQKKEERIRQAELEKQEARENNAAARQGGGDGGFTAKGSGGHMASGTHTYSTTGQMGQPTGAQQMSALPGHGTGQPTAQVDDGRVQAYPVGVNTGVGGSKSHNTRVEGNPHAYGTGGTYS,0.073162381,0.213414634,38.79668862,0.006097561,3.570121951,-0.130435065,4.593943458,0.030487805,0.25,0.469512195,0.036585366,0.892709726,16978.8,92.69228489,6.155161,0.54991573,0.40722385
IDRBS-195,MQLITAKAHQAKAIRVKLKLIKLLKKEKEREKMQGAKNTGQSIKEKAANVGASAQAGLEKTKATVQEKAEKMSTRDPVQKQMATQKKEHKTNQAEMEKQAAYNQNAAHKEAARAEDIAPGYYGTATHSTTGQHGHPTGGHQMSALPGHGTGQPTGQVTEGVIGSHPIGTNTGTTQTSTTTTARNTRAGVNPNDPRYGHGTGGSY,0.111011412,0.220588235,45.46407814,0.06372549,3.501470588,2.030583301,4.94972083,0.024509804,0.259803922,0.455882353,0.039215686,0.885567278,21672.5,109.4530002,6.145953,0.55897754,0.41878316
IDRBS-196,MQAIKEKAANVAASAKSGMEKTKATMQEKVDRAAANNPTEKEMATERKEQKVNQAEFDKRAAQEHNAAARNATKNTGQPHTYSTTGAPGHPTGTHQQSALPGHGTGQPTGQVTEGVVESHHIGTATGTGRTNAAHNTHVGAATNIGGSYT,0.086141005,0.193333333,37.7280921,0.02,3.528666667,-0.052355619,4.500517633,0.02,0.266666667,0.48,0.04,0.866706981,15580.6,89.62318354,6.1405983,0.55493516,0.40757
IDRBS-197,MQAGKNVAESMKESAANVAASAKSGMEKTKATVQEKVEKMKAHDPTEKEMAAEKKEQRKAEAELNKREAREHNAAVREASKTGVNAGGHTGYSTTGVETATYSTTGIEGQPTGAHQMSALPGYGTGQPAGQVTEGTVGSHPIGTGTGTGRTTAHNTRVEGTGTPGYGTGGSYS,0.06704108,0.225433526,41.14531118,0.005780347,3.612716763,-0.224867947,4.732705483,0.028901734,0.248554913,0.462427746,0.034682081,0.852559941,17726.1,97.68614982,6.0000362,0.56194395,0.41323906
IDRBS-198,MQAIKEKAANVAASAKSGMEKTKATMQEKVDRATANNPTEKEMATERKEQRVNQAEFDKRAAQEHNAAARNATKNTGQPHTYPTTGAPGHPTGTHQQSALPGHGTGQVTEGVVESHPIGTAAGTGRTSAAHNTHVGAATNIGGSYTQD,0.090415046,0.202702703,37.46319155,0.013513514,3.52972973,-0.279980829,4.484127684,0.02027027,0.27027027,0.459459459,0.047297297,0.873932464,15411.3,88.97649391,6.1812706,0.55181104,0.4153226
IDRBS-199,MQTAKNAAASVKETAANVAASAKSGMEKTKATLQEKGERMTAHDPTQKEMATEKKEARKDQAEYEKQVERDQNAVQRQAVEATGTHSYSTTGATGHPMGSHQMSALPGHGTGQPAGDVVEGVVGSHPIGRNTGTGQSVAGNNPRTGGGAGGYGTGGAYR,0.085988451,0.213836478,38.91036342,0.012578616,3.583647799,-0.141890504,4.572308637,0.025157233,0.264150943,0.459119497,0.037735849,0.871108792,16308.7,92.01194471,6.055896,0.5562036,0.41158673
IDRBS-200,MQAIKEKAANVAASAKSGMEKTKATMQEKVDRATANNPTEKEMATERKEQRVNQAEFDKRAAQEHNAAARNATKNTGQPHTYSTTGAPGHPTGTHQQSALPGQPTGQVTEGVVESHPIGTAAGTGRTNAAHNTHVGAATNIGGSYT,0.086110048,0.198630137,37.32412842,0.020547945,3.54109589,-0.046452145,4.464792965,0.020547945,0.273972603,0.45890411,0.047945205,0.870736388,15216,88.77688279,6.1815834,0.55442697,0.40973786
